,mode_0,mode_1,mode_2,mode_3,mode_4,mode_5,mode_6,mode_7,mode_8,mode_9,mode_10,mode_11,mode_12,mode_13,mode_14,mode_15,mode_16,mode_17,mode_18,mode_19
AATK,-0.030130068,0.019157207,0.019936861,0.0039081518,-0.024036333,-0.005349217,-0.032202955,-0.03264316,1.2504877e-06,-0.010899852,0.022776082,0.008784858,-0.015489811,0.013982619,0.00041166332,0.026328672,-0.029861845,-0.029136095,-0.0030680997,0.026666975
ABL1,-0.022170726,0.009218249,0.045065716,0.0032614728,0.021856941,7.31413e-05,-0.012411791,0.0061013275,0.025173683,-0.0004262763,-0.0022216616,-2.1235695e-07,0.00089505076,0.024795255,0.011940279,-0.0009785071,0.02487583,0.028116047,-0.037424278,0.0096799815
ABL2,0.012810406,-0.0019193299,-0.030934181,0.0015781984,0.032403275,0.00015782347,-2.4216473e-07,-0.007136319,-0.011170063,-0.012994954,-0.024542257,-5.2437264e-07,-0.052469935,-0.013380761,1.2069626e-06,-4.8422044e-05,0.0035154622,0.01686517,-0.0074431333,0.010753624
ACACB,0.028592946,0.014873349,-0.0033782683,-0.02406244,0.0047210483,-0.010174219,0.010184659,-2.2334157e-06,0.038777012,0.013192477,0.019728241,1.8720942e-06,-0.01657119,-0.016375521,-0.0008596713,-0.014913832,-8.196063e-08,1.4408436e-06,0.02691035,-0.00051702897
ACE,0.015908295,0.014914598,6.519556e-07,0.022858744,0.024680233,-0.00049164856,0.015482898,0.014821387,-0.016958764,-0.0017145461,-0.006730506,2.2502386e-06,4.101312e-06,0.010184413,-0.0026052608,-0.007888205,-3.851218e-07,-0.009099697,0.009314584,-0.019418053
ACKR1,-0.008433253,0.018319268,-0.0016898195,-0.005245344,-0.014741494,0.0016963442,-0.015823372,0.019135261,-1.1516455e-06,-0.00070441543,-0.0072084996,0.0026116422,3.823296e-06,-0.019935122,-0.007641157,0.024893345,-0.02915394,0.0040311953,0.00526852,-0.025351565
ACKR3,-0.019165862,-0.02038105,0.02493217,-0.08397995,0.056186717,-0.011051091,-0.0065687355,0.022922136,-0.022671245,0.033716884,-0.009685319,-0.049614698,-0.004817018,0.061411336,-0.036576327,-0.03074968,0.023839435,-0.020211352,0.016385976,0.09332583
ACKR4,-0.0006923306,7.343922e-06,0.0046434836,-0.03625239,-0.012256644,0.024568152,-0.0023890138,-0.00062762335,-0.006264077,-0.024170695,-0.008933679,-0.03462393,-0.04017635,0.008231193,-0.040659722,-0.007786722,0.0012258204,-0.03325309,-0.014772973,0.02467928
ACP5,-0.025853142,-0.016305516,-0.0035709823,-0.016015023,-0.0010138939,0.005037413,-0.018291133,0.01650115,-0.010232751,0.029283397,0.069867164,-0.04165298,0.044205297,-0.0041118576,-0.0080285,0.008449879,-0.03759021,-0.005884817,0.00386468,0.0061231945
ACTA2,-0.08264995,-0.035604894,-0.055170193,1.2071572e-06,-0.13531362,0.0329564,-0.006468643,0.023332695,0.08822206,1.4334047e-06,-0.048453152,-0.023069449,0.0456481,-0.000245794,-0.041986946,0.09272576,0.042504814,-0.013753493,2.1916994e-05,0.0364445
ACTG2,-0.04133079,0.014594711,-0.00031889568,-0.007719963,-0.08793189,0.0032101548,-0.026479274,-0.032468997,0.0014964043,0.018723417,4.558551e-06,0.0007775834,0.01561833,0.0025823358,0.01046769,-0.007069786,-0.015224964,0.0052826763,-0.01124392,0.008543761
ACVR1,0.010987553,-0.04268515,-0.012486342,-0.0448248,0.0008583852,-0.0004989746,-0.0031154866,-0.024489736,0.015165813,-0.03810229,0.012471729,-0.0005480833,-0.032817338,-0.005979386,0.008829617,0.034027733,-0.00509674,0.00018341464,-0.049424443,-0.026413197
ACVR1B,-4.433294e-07,-0.018586865,7.5702286e-05,-0.027719358,0.0094112605,0.018118113,0.009615259,6.626669e-06,-0.0007735742,0.012479463,0.00076396967,-0.0008026068,0.012877265,0.0047964235,-0.012358188,-0.010611821,-0.0013142717,-0.011699169,0.017072234,-0.024076536
ACVR2A,-0.0053310213,-0.0069542793,-0.002150212,-0.013485086,-0.015149724,-0.008904723,0.040960662,-0.027120495,0.00018966153,-9.741936e-05,-0.005884353,0.028253168,-0.025710115,-0.04595888,-0.027621735,-0.0018617633,-0.012831696,-0.0033525347,0.04932165,-0.018920876
ACVRL1,-0.042857654,0.03103801,0.007324853,-0.0054877745,-0.029463906,-0.012818542,-0.02318946,-0.0071949884,0.0013787973,-0.017867988,0.013703373,-0.013373681,-0.0065507265,-0.016804922,0.01951759,0.04030498,0.01935427,0.0041289297,-0.042520363,-0.028446201
ADGRA2,-0.01704637,-0.0015974905,-0.01520421,-0.029779052,-0.00025004603,-0.0016925955,0.025623895,0.01680222,0.024067704,0.010918925,-0.00093294715,-0.066505,-0.01224635,0.035969906,-0.001774056,2.0583327e-07,0.04843292,-0.047169846,0.018618116,0.010759503
ADGRA3,-0.01846736,0.033382874,4.8151574e-06,0.0060842047,-0.017359577,-0.024437446,0.00560763,4.001148e-06,-0.024638442,0.019863162,-0.025244616,-0.009109116,0.00935271,-0.032094046,-0.012857502,-0.03311709,-0.019778417,-1.2908915e-06,0.013274785,-0.002960664
ADGRE2,0.006135835,5.5788706e-07,0.012684859,-0.05201781,-0.00026978485,0.004325321,0.034103423,-0.020629372,-0.005200198,0.023853168,-0.000116464485,0.0035720991,0.0005797495,-0.008275984,0.020071717,-0.005877768,0.008067254,-0.017426029,-0.036929008,-0.0038170002
ADGRE5,0.015835553,-3.0473213e-06,0.012645882,0.048489444,0.0016036168,-0.011249708,-0.00094765256,-0.0052091046,0.00037142873,0.00912559,-0.015016193,0.030379755,-0.01044176,0.027178768,-2.6246519e-06,0.003471013,6.9037856e-07,-0.0016071674,0.041575298,0.02228795
ADGRF1,0.0015266521,0.018756723,-0.014852125,-0.023773303,-0.013159985,-0.022045886,0.0069612544,-0.026238108,-0.0013421527,0.0044411016,-0.03466251,1.4753219e-06,2.003179e-05,9.0551725e-07,-0.012925829,-0.018528262,-0.014688912,0.034644242,-0.006566485,0.008822285
ADGRF3,0.009982228,-0.0062014335,0.004817388,0.012357,0.016162893,-0.025947848,-0.03463576,-0.006055686,0.0021490736,-0.0056251613,-0.008572418,0.015517338,-0.0068210135,-0.02316745,0.013024849,-0.010004311,-0.014462269,0.0012664568,-0.044205964,-0.029304346
ADGRF5,-0.0028750098,0.04144846,-0.017061163,-0.04100455,-0.040886223,-0.007136939,-0.040969554,0.023567788,-0.01901534,-0.044169627,0.012299887,-0.015545582,-0.018241012,0.019196471,-0.041175906,0.0059121936,-0.00954341,-0.038642794,-0.0049427683,0.0035848608
ADGRG1,0.00062251295,-0.0628079,-0.009750095,0.03354949,-8.263524e-05,-0.013775881,-0.039174892,-0.0015694546,-0.023933517,-0.0006041982,-0.039104506,0.022187047,-6.538814e-05,0.012012257,-0.0016926526,0.0015899736,0.0012503989,0.0066395015,-0.0074479817,-0.030482817
ADGRG3,1.9034758e-06,0.0005295345,0.007326684,-0.013259791,-0.0020969687,0.018486647,-0.010429095,-0.0004345083,0.055981115,0.042831272,0.00399214,0.0147012705,0.0014790787,-0.044354778,0.0024437055,2.2080508e-06,0.0044669714,0.026515901,-0.0041251667,-0.03403324
ADGRG5,0.010970073,0.0043706447,0.0052149235,-0.026395073,0.010829999,-0.019578408,-0.014818256,0.0023686255,-0.018828275,0.018189816,-0.014794293,0.000761404,-0.008455356,-0.023604142,-0.0073711844,-0.011804514,-0.0044089565,-0.000573697,-0.006952035,0.004935038
ADGRG6,0.025803316,-0.04826477,0.013566946,-0.041199185,0.02574234,-0.03435469,-0.02261182,0.010085062,0.010359417,-0.009523977,-7.785255e-06,-0.0041800155,-0.019830244,0.018189996,-1.511643e-06,0.006345055,0.009882516,0.011110581,0.02001078,-0.0038035004
ADGRL1,0.0012310382,0.0075115007,0.012922788,-0.029075582,-0.009438426,0.0016264005,-0.009546968,-0.031102858,-0.012800538,0.0021442042,0.00041770816,-0.0041118604,-0.055542786,0.0070116087,-2.6163625e-05,-0.010143546,-0.010652414,-0.0025701649,0.0013436867,0.0030495434
ADGRL2,0.00078983966,-0.006618833,0.0044259876,-0.024722207,0.018978592,-0.035069037,-0.0027723364,-4.239578e-06,2.3079479e-06,-0.021848788,-6.999185e-05,0.0018147634,0.001060045,-0.015932217,-0.04165131,0.013704708,-0.014751494,-0.018164245,-0.026845377,0.0046107545
ADGRL4,-0.017735012,-0.007860683,-0.013802818,-0.00030256176,-0.043659832,0.047721747,-0.0076365364,-0.012139214,-0.009972675,0.0061667035,0.0028350258,-0.035611995,0.0526697,-0.00528146,0.011980445,-1.8587862e-06,-0.009298942,-0.022616839,-0.031608,4.350507e-05
ADGRV1,0.002541545,0.0005730841,0.025346035,-0.0008129243,0.023048826,-0.023211017,-0.019375863,-0.0021656812,-0.02866304,0.005951497,-0.048500665,-0.0044981674,-0.015810488,-0.009217574,0.012235249,-0.054517396,0.020755462,0.00796764,0.010047854,0.038218483
ADIPOQ,0.0092457505,-0.03458791,0.0013449459,0.017775346,-3.2400177e-07,0.040676158,1.985844e-05,0.022815755,0.025468813,-5.910582e-06,-0.01601584,0.005360983,-0.027023133,0.056314863,-0.03249258,-0.01005511,0.0044235988,0.003922208,0.045733955,0.03781897
ADIRF,-0.0074275467,-0.0068543795,-0.027695218,-0.008484976,-0.028819973,-0.025214374,3.818752e-06,-0.03271687,0.0075574364,-0.018881658,0.008989051,-0.0053590667,0.02286218,-0.048513465,-0.022671064,-0.032825127,-0.02412126,-0.027969984,0.0115580605,0.04101141
ADM2,-0.007079872,0.0002953821,-0.0027811865,-0.005639765,-0.015136497,-0.01812072,-0.018022697,-0.026957588,0.0014614228,-0.011201085,0.014578365,-3.6058768e-06,-0.022544226,0.013269917,4.958245e-06,-0.02214336,-0.006931202,-0.002364904,-0.0056965924,0.0251305
AGR2,-0.015330177,-0.0011369319,-0.009509045,-0.023995213,-0.011837974,-0.012075272,-1.6839385e-05,-0.031334363,-0.016453305,-2.6935713e-06,0.015618088,0.025896909,-0.029623222,-0.018707817,-0.012435511,-0.015925333,-0.0010432731,0.005425645,-0.028098753,0.006845284
AHI1,0.0058349064,-0.009835757,-0.016943408,-0.018701365,-0.022692604,-0.028093886,0.0085188905,-0.035662465,-0.012867596,0.011171651,0.0027093561,0.02763828,-0.027443675,0.0167212,-0.033906065,-0.038494017,-0.010272718,-0.03196224,-0.0068727727,0.05020477
AHR,0.048411023,-0.008818071,-0.01868321,-0.004538522,0.0023404092,0.010883085,-0.0081241205,0.0065261736,-0.04067266,-0.013426634,-0.012686207,-0.028620271,-0.0106183095,0.048763264,0.008393582,-0.05250798,0.011165189,-0.060841437,-0.016394656,-4.575658e-06
AIF1,0.0075972895,0.0004344255,2.4475576e-05,0.009587192,0.003956017,0.012059113,0.00888055,-0.00695055,0.0012836736,0.0005957766,-0.002045001,0.00889096,0.041375786,0.008101431,-0.0015415843,0.004643551,4.0160708e-06,0.017815426,-0.029503658,-0.0083540445
AKT1,0.008632983,0.047077958,-1.3365089e-07,0.005574705,-0.015779598,-0.0052639735,-0.026451303,0.013137043,-0.014093418,-0.00095002825,0.040771298,-0.032096263,-0.018064357,0.001783659,0.013413926,0.008917673,-0.036762264,-0.056193367,0.011777873,-0.00058162544
ALCAM,-1.321606e-06,-0.0020350881,-0.01592139,-0.0007291779,0.0310955,-0.008327633,0.044301648,0.0018006956,0.0047579827,0.01025396,-0.0015548399,0.030925568,0.0076565165,0.006220077,-0.019630384,0.008471272,0.01830417,0.05814375,-0.033192117,-0.022316959
ALOX5AP,-0.024534326,-0.015217289,0.0009767384,-0.0423673,-0.046111908,0.016569188,0.03949546,-0.010746701,-0.008193434,0.0253576,0.02226955,7.299188e-07,0.0040342486,0.0028351422,0.0033031607,-0.03871272,0.037040185,0.007470557,1.29609425e-05,0.024737459
ANGPT1,-0.020062966,1.6392008e-07,0.017189551,-0.0065266476,-0.025896722,-0.0045800908,0.0044772555,0.0038685016,0.026388263,-0.038526785,0.05493854,0.023381645,0.0019202856,0.0037991786,-0.013217405,-0.07906639,-0.008364319,-0.013004234,0.017014008,-0.025245832
ANGPT2,-0.007304737,0.0016787865,0.00054270367,-0.032137305,-0.006260412,-0.03881876,2.2260528e-07,0.007584711,-0.032640636,0.0030316247,-0.04214858,-0.012327738,-0.006804707,0.03038618,-0.018821102,0.024809482,0.018273216,-0.05918557,0.024121402,-0.01362686
ANGPTL1,0.0208096,0.02349729,0.003065713,-0.024652971,0.03276499,-0.035133142,-0.0065088146,0.020411445,0.025499234,-0.004229248,-0.003788864,0.037833825,0.0008107008,0.0016776997,-0.0031025992,-0.0031844624,0.017898617,2.6348716e-05,-0.021878084,-0.025420167
ANKRD1,0.0047437535,-0.0047798073,0.016851315,-0.045101013,0.0007717981,-0.0073697367,0.007872851,0.0024592644,0.014432541,0.032306932,0.012297106,-0.0054010847,0.0078020566,0.018147796,-0.008662394,-0.03920751,0.0066643525,0.014864252,0.032895107,-0.02342513
ANXA1,-0.092137404,-0.07414755,0.012045607,0.046251237,0.0077070724,0.0021869098,0.03661265,-0.023830712,0.023327092,0.015262468,0.031600144,0.02761431,-0.019035073,-0.06460853,-0.07306722,-0.06544525,0.07183775,0.115237825,-0.027579406,0.031805914
ANXA2,5.7115915e-07,-0.08789271,0.015013598,0.06365215,-0.04292596,-0.03905689,0.018757822,-0.040503066,-0.033164687,-0.03278534,0.020892752,0.01638295,-0.01547422,-0.0678669,-0.046399187,-0.033888124,0.101553075,0.024781607,-0.0028890462,0.05166791
ANXA4,-0.0001216909,-0.014960412,-0.004729798,0.00271022,-0.008734611,-0.027680952,-0.00454782,0.026806856,-0.010785502,-0.032387584,-0.018305834,0.0031244608,0.0005377594,-0.021675283,0.00053394993,0.034307446,-0.008721511,0.013386376,-0.009746539,0.013131874
APOA1,-0.0048707207,0.027924208,0.01993093,0.016297003,-1.665297e-06,1.2433571e-06,-0.043634918,0.031226141,1.890226e-06,-0.03387281,0.013689084,-9.792729e-05,0.01715391,-0.00976559,0.011981589,-0.040824026,0.0045678113,-0.0005878711,-0.0018357252,-0.0069278497
APOC1,-0.10216214,-3.1496867e-05,-0.005500506,-0.032913346,0.13678066,-0.10317966,-4.4707338e-07,0.06847286,-0.021636315,0.047950838,0.06635075,-0.1253462,0.056703735,-0.06579713,-0.007330351,0.043178458,-0.07053027,-0.09739727,0.02539914,0.07686475
APOD,-0.019021176,-0.020732798,-3.0520835e-06,0.0056341426,0.028570784,-1.6638634e-06,0.028008755,0.019957427,0.030722005,-0.008100982,-0.0016321397,-0.015976943,0.031852745,0.01904038,0.042615358,-0.021123346,0.024856778,-0.01022741,-0.081520595,0.002254934
APOE,-0.047749348,0.0010182016,-0.0128272725,-0.0034396988,0.20417984,-0.10950343,-0.011201972,0.09806232,0.015121678,0.043557864,0.07761013,-0.004585102,0.010829855,-0.12061052,-0.046425294,0.055694513,-0.02388504,-0.049115993,0.09592793,-0.03994621
APP,-0.027040329,0.057892494,0.04248532,0.05077556,2.4262297e-07,5.690571e-07,-2.4728746e-07,-0.0141747175,-0.019031763,-0.020915892,0.014824358,-0.020772895,0.0015812762,-0.029202173,0.007439869,0.009794283,0.0221494,0.00659607,-0.08276291,-0.020041494
AQP3,0.06571427,-0.08967563,-0.01613144,-0.002357143,0.016051548,-0.02322841,0.00590717,0.015715841,0.03015881,0.07068222,-0.0055724503,0.073350914,0.069347456,-0.004530275,-0.01741347,-0.025439888,0.0011560332,-0.008594424,-0.049205624,0.024704654
AR,0.0063432655,0.04125011,-0.01609442,-0.034753133,-0.039770667,-0.016559685,-0.007324987,0.000632092,-0.00074700627,-0.030456802,0.014337192,0.011150717,0.0055881203,-0.010899365,0.0029774597,-0.0435023,-0.013075321,0.009106495,-0.019469926,-0.021120578
AREG,1.2945964e-06,0.003025483,-2.3535596e-05,0.06962424,-0.021814495,1.3639674e-06,0.039926745,-0.0612485,0.0012664333,-0.087699994,0.0033157605,-0.011365441,-0.02700982,-0.031996362,0.011525033,-0.06138789,-0.04068968,0.008317489,-0.018960735,0.0042431336
ARF1,0.00051061023,-0.057756048,0.010950724,2.5618418e-05,0.039128657,-0.01755087,0.021641046,-0.0070223394,0.018759882,-8.097391e-06,-0.017485613,0.0284045,0.010856236,0.026578508,0.034560446,0.06036754,0.02517755,-0.01978684,0.021658959,0.0045599267
ARG1,-0.010759896,0.00024771862,0.032080848,-0.022076784,-0.019450514,0.0015906342,-0.011206935,-0.0056362962,-0.0028059022,0.006729032,0.013635049,0.0058032377,-0.023028253,-1.1710953e-05,0.0179633,-0.028717505,0.01617067,0.009296058,0.0045741373,-0.038903486
ARHGDIB,0.028618053,0.0047534667,-0.023510125,-0.020745853,0.032684505,-0.025042012,0.023223521,-0.019019563,0.0120822815,-0.035490986,0.031297743,-0.0024833712,0.003114255,-0.0020656448,0.0234812,0.005550701,-0.00593196,-0.031581018,0.030503338,-0.055012964
ARID5B,0.00043086242,0.04057165,0.0004021276,0.024891814,0.035199113,-0.03184195,-0.00046736887,-0.005095063,-0.031120779,0.025309127,-5.7930714e-07,0.01056232,0.02323673,-0.0019391564,0.012161822,0.0031828594,-0.023413692,-0.028607108,0.014957324,-0.005864918
ATF3,0.020782087,-0.016084913,-0.0092028985,3.5931816e-06,0.014652593,-0.012832655,-0.051655747,-0.00064987456,0.051089533,0.019674988,0.0031666327,0.005330813,-0.014975585,0.023307033,-0.016747067,-0.018954001,0.04428494,0.012078656,0.014540996,0.003333059
ATG10,0.0054132887,0.007864982,0.011088725,-0.015214152,-0.03398442,-5.0199964e-07,-0.0014125553,-0.0031656895,0.03793976,-0.002702043,-0.031054642,-2.7177964e-06,0.029516168,3.3771205e-06,0.012870959,-0.026166944,-0.01639902,0.011061815,-0.0101782065,-0.0022544647
ATG12,0.009684203,-0.037405234,-0.012822664,-0.010027213,0.018366158,-0.0013032395,0.016940873,0.00709132,0.01784741,-2.2176325e-06,0.0036475526,0.022727547,0.00017817771,-0.021445636,-0.022779986,0.03421591,0.00038128457,0.008058113,0.006178185,-0.01751202
ATG5,-0.0153328795,-0.016822144,0.02073577,-0.0048856726,-7.229512e-05,0.0009615374,-0.07602159,-0.0066287215,0.018659497,0.004650707,0.0070763608,0.0045778775,-0.0043985676,0.010760377,0.0017684527,0.0034048026,-0.019503918,0.041920222,0.012092575,0.015620956
ATM,-0.009643101,-0.00012926516,0.008295954,-0.04327182,0.0058012083,-0.003948366,-0.029449467,0.012209906,0.005508483,-0.01111387,-0.00018677772,0.03856918,-0.019493567,-0.03087604,-0.0035661415,-0.004417448,1.004949e-06,-0.028375158,0.024722174,0.026055478
ATP5F1B,-0.027639855,0.001073758,0.00683498,-0.00033710155,-0.03533612,-0.024937863,-0.000979609,-0.055961106,-0.040748004,-0.03142768,0.034059692,-0.012381766,0.0050547235,-0.03485457,0.040380985,0.005641266,-0.050331663,-0.024224887,-0.012673829,0.008090316
ATP5F1E,6.4916094e-07,-0.029140977,-0.04049799,-0.00451791,-0.014696351,0.022484034,0.044572737,-0.0095854,-0.013239343,0.050551455,0.028937854,-0.033677354,-0.007837813,0.0013906691,0.027120624,0.05492888,-1.2973994e-06,0.012192829,0.0010366059,-0.024962064
ATR,1.0859708e-06,0.0022931292,-0.025666853,0.022806222,-0.0002867701,-0.0013915366,0.03650795,0.010890068,0.02725162,0.005215594,-0.020659002,-0.007832663,-0.0080696605,-0.02919604,0.009355498,-0.017272541,-0.0038840102,-0.009807073,-0.004826733,-0.013668421
AXL,0.0029742268,-0.024728151,-0.001401052,0.025918866,0.035205755,0.00024318296,0.0021905627,-0.018320337,0.0149108,-0.022971814,-0.023623778,-0.00097050326,-0.003860552,-0.0285933,-0.009326366,0.03618764,0.02656811,0.01654716,-0.033197243,-0.020375893
AZGP1,-0.0024989678,-2.3200278e-06,-0.028498137,0.04114926,7.733258e-05,-0.011883665,0.034560136,0.014536507,0.0041806903,-0.009929009,-0.024232823,1.2648278e-06,0.017160038,0.012106166,0.00038599892,0.0043277415,-0.016512405,-0.010643236,-0.009380432,0.019241221
AZU1,0.0040249727,-0.012378033,-0.0073356694,0.021289885,0.0013317406,0.0055264197,-0.009558235,0.008843615,0.037810363,-0.003556482,-0.019292345,-0.002398826,0.017486697,0.013546297,-0.012583165,-0.020792646,0.027344547,3.3343375e-07,-0.02231732,0.023316478
B2M,0.009964883,-0.043776453,-0.033020914,0.10627446,0.008468803,0.035297953,0.07106695,-0.00019738532,-0.0003805916,0.01442812,0.1051018,0.00013474794,0.1481319,-0.04882973,0.054996166,0.101702906,0.08196908,-0.19191842,0.027955106,-0.057298355
B3GNT7,0.00015053549,-0.000913351,-0.006078021,-0.020343713,0.0020388758,-0.020180013,-0.015243124,-0.00021312309,0.009636034,-0.0032954018,-0.01004762,0.016470863,-0.044784106,-0.00058589503,-0.0520861,-0.01227568,0.038716663,-0.007148142,0.044656828,-0.027356656
BAG3,0.004813136,-0.005198494,-0.022181261,0.011888725,0.03372947,-0.045495898,-5.5884172e-08,-2.0328227e-06,-0.005600987,-0.00015637802,1.0529047e-06,-0.028652988,-0.009316564,-0.0026331816,0.045029152,0.0062831235,0.00735697,-0.011873625,-0.02173242,-0.010835748
BASP1,-0.020809365,-0.02136199,0.045254987,-0.04726498,-0.007914093,0.014820749,0.10425532,-0.04331611,0.038365893,0.034492258,-3.0679064e-06,-0.0018948485,-0.031112615,5.844713e-05,0.0026547702,-0.009561163,0.021401964,0.00076513167,-0.023285408,-0.0197556
BAX,0.012113316,0.040822506,-0.0068376814,-0.006316916,-0.014526673,0.020575106,-0.02906515,-0.014326139,-0.013636736,-0.015477775,0.044060815,4.180079e-06,0.013322715,-0.02095269,0.04457181,-0.0061637675,-0.03644871,0.0031417133,0.00028679974,-0.030592063
BBLN,0.00762935,0.0049929502,0.017090539,-0.0048194653,0.019264217,-0.029900119,0.007817077,-0.0033571282,-0.020141307,-0.02583707,-0.018159222,0.009034018,0.0004622025,0.00033672483,0.0016174449,-0.039065808,0.0021877666,-0.010243531,-0.011822719,-0.035509042
BCL2,-0.011818959,0.043318987,-0.002514105,-0.03787563,-0.0007885917,0.0038952925,0.024937544,-0.008324472,-0.0065093967,-0.034898303,7.490013e-06,0.028156934,0.038483124,-0.019166607,-0.023823801,0.012576341,-0.030663474,0.00010258396,-0.049662165,0.0007612477
BCL2L1,0.017094886,0.0012894353,-0.0024160328,0.011481112,0.02425105,7.341954e-05,-0.026637532,0.017787803,-0.01866326,-0.026886918,1.3961117e-06,-0.005942435,0.016602643,0.014016133,1.9410129e-05,-0.020605564,0.016753647,-0.014037706,0.021844326,0.06853133
BECN1,0.002309994,0.0020454342,-0.035008717,-0.025192918,-0.0148893325,-0.01056497,-0.0014203028,-5.401923e-07,-0.0038660697,-0.00020320792,0.03756815,0.016437378,-0.016232958,-0.002151848,0.0030311523,0.014181314,-0.011761394,-4.4122226e-05,0.0073324065,-0.016140373
BEST1,0.00070973876,1.1414798e-05,0.016845943,-0.0010580216,-0.007905215,0.023212975,-0.016054973,-0.0060758195,-0.01297863,-0.0058567086,-2.4853396e-06,0.01029554,-0.0037390154,-0.0073217223,-0.026418898,-0.022020437,0.023654634,-0.0044957297,0.0035688798,-0.0017780222
BGN,0.009575583,0.05281044,0.031619124,-0.055497058,0.07014499,-0.032238416,-0.008319291,0.018376242,-0.033112478,0.028976709,0.006110921,-0.018956449,-1.8124566e-06,-0.083497174,-0.038023338,0.03154982,0.00057543063,-0.007514392,0.01870369,0.013114396
BID,1.122294e-07,-0.03792848,0.013362463,-0.021421451,0.028001633,-0.04139034,-0.007919008,3.118446e-06,0.014397862,-0.00037453542,-0.039764993,-0.015115458,0.008019327,0.011912613,0.029808113,0.0040453947,0.043959413,-0.0012804014,0.0013740879,0.00684659
BIRC3,0.04564962,0.013744109,0.0012734117,0.0015466391,0.053494092,-0.027256228,0.04909271,-0.021739202,-0.031557254,-0.024341557,-0.052567538,0.015355436,0.044303853,0.0029346098,-0.041402347,-0.08590164,0.010649139,-0.035126492,-0.017737037,0.04867975
BIRC5,-0.0019268307,0.048860095,1.7565545e-06,-0.026732488,-0.009773162,-0.041584898,0.03503035,0.016594896,-0.003199611,-0.010722596,-0.016494295,-0.03098343,0.0026729896,-0.009381857,0.019171888,-0.016011545,-0.027030522,-0.029272264,0.006092307,-0.015326994
BMP1,0.0028486336,0.009796077,-0.00086932804,0.004895615,0.003919755,-0.02122356,1.8367264e-06,0.038253203,0.021027034,-0.010563966,-0.01425676,9.536504e-06,-0.0006958017,-0.021038817,-0.008539604,0.014329613,0.01115151,0.024876129,0.031232247,0.00980229
BMP2,-0.0025131549,-0.0006454241,0.0006397256,0.0067679603,0.030605573,-0.014001036,-0.0049717072,-0.0008982261,-0.0268289,-0.028439706,0.0035925324,-0.00014779485,-0.0066324165,0.018079912,-0.035974126,-0.0018308175,-0.008647798,-0.009169968,-0.040030196,-0.0008755721
BMP3,-0.01015781,-0.054777715,0.00015027389,-0.05405373,-0.043193348,0.043500803,0.011830797,0.0064796642,0.007197383,0.0122428015,-0.011108819,-6.2939616e-05,-0.013258344,0.02088396,-0.0080308365,0.014129046,-1.1263998e-05,0.0062186285,-0.004915075,0.045616813
BMP4,0.035804573,0.0021750322,0.00061528385,-0.027574226,0.004812327,-0.010420471,0.009490602,-0.004868924,1.4510827e-06,4.1707513e-06,3.8781914e-06,3.196531e-06,-0.0201251,0.005132143,-0.01856846,-0.021714173,-0.0018535554,1.5705846e-05,0.003330519,-0.037880667
BMP5,-0.030852444,0.024929952,0.011763471,0.043734517,-7.450993e-07,-0.019873895,-0.036598776,-0.0360001,-0.00012962415,0.017598262,-0.0032002022,0.0018036491,-0.00751041,-0.02320115,0.004892232,-0.011571233,-0.02835514,0.0232861,-3.129775e-05,0.0015872066
BMP7,-0.018648852,0.0120616015,0.014840504,0.00955286,-0.004932701,0.0039240443,0.026160654,-0.015334575,0.0033214313,1.3449229e-06,1.4044939e-06,0.006027171,-0.01705461,-0.008472414,0.004487458,-0.0039681927,0.0037266193,-0.0038930755,-0.04413579,-0.024846844
BMPR1A,-0.019680738,0.025155775,0.00035452412,0.01603609,-0.00047665308,0.021426184,0.023985062,0.008420634,-2.8500082e-07,0.010266781,-0.006353042,-0.005506277,-0.00029884579,0.015808757,0.011421898,-0.014327141,-0.0058650747,0.011003822,0.0005750594,-0.030169278
BMPR2,-0.01713287,0.009725538,-0.00877798,0.019560875,-0.06822602,0.013291435,-0.0039554415,-2.2436607e-06,0.020281767,-2.9059277e-07,-0.00028324954,-0.0075078504,-0.029321507,0.04643477,0.03961336,-0.012831427,-0.008262535,-0.03115175,0.019277673,-0.0065529356
BRAF,-0.013763337,0.016421115,0.019000608,0.019697536,0.0045480714,-0.0057817386,-0.016936436,-0.007690342,0.0072082696,0.01017811,-0.008963629,-0.00040697836,-0.002040501,0.03530455,0.01874526,0.022395572,-0.00092937576,0.029517775,1.9931315e-06,0.0154743
BRCA1,-0.012381151,0.02051974,0.0064696036,0.028406337,0.0061445166,-0.01807102,-0.017084906,0.0153874755,-0.0153088225,-0.021270227,3.3435896e-07,-0.011605274,0.009293674,-0.01631419,0.013650962,0.01034348,-2.2062427e-06,0.044717055,-0.004707587,-0.0006799346
BST1,-0.004249235,0.00014597176,0.00087044825,0.037018925,0.0016036493,0.015995048,0.0012740936,-0.045356978,0.0042658607,-0.013330939,0.0055691395,-0.025389362,0.014644992,-0.0055962894,-0.00652128,-0.026576234,-0.006532309,-0.023652053,-0.019101351,-0.009504139
BST2,0.0054372475,0.0014727222,0.0053529046,0.00048362568,-0.010802606,0.042971406,0.0016643219,0.0005850742,-0.05672455,-5.979505e-07,0.03472524,-0.0004162974,-0.030175751,0.022844926,-0.00083842815,0.052356977,-0.010243301,-0.01206849,-0.011297131,-0.021414392
BTF3,0.012701691,-0.052035324,-1.1306772e-06,-0.017267851,0.0016166274,-0.009285132,-0.015028423,-0.042134937,-0.00954632,-0.023160875,0.014552348,-6.990083e-07,-0.035504173,1.1139095e-06,0.032436643,-0.019076183,0.0028739083,-8.711096e-05,0.036265165,0.00080144143
BTG1,0.0072202715,-0.027531741,-0.022075104,0.010692931,0.0025369849,0.053585894,-1.1782246e-06,0.013434492,-0.036372043,0.0399545,-0.002878803,-0.023150822,0.006143438,-7.953836e-07,-0.009359474,-0.012138286,0.013138516,-0.02544517,-0.036111977,0.016847773
BTK,0.023985278,-0.00850196,-0.011537413,-0.02440251,0.012678168,0.021148594,-0.02155269,-0.0024648581,-0.002689062,0.041463193,-0.006815598,-0.015838152,0.0014161833,0.044408057,0.02088366,0.016074209,5.5546952e-06,0.04521361,-0.00918307,0.042651013
C11orf96,3.4087934e-06,0.0017217457,-0.012665824,-0.027502533,-1.2489727e-06,0.01646357,-0.016876789,-0.016499152,-0.01822799,-0.033237834,0.0027676763,-0.02090257,0.006548261,0.0049766,-0.0093968855,0.022873212,0.03171733,-0.023698285,-0.006156759,6.4960744e-07
C1QA,-0.03401132,-0.036137376,0.010563446,0.025165556,-0.04543113,0.024798643,0.00070575747,-0.029503003,-0.011400821,-0.036523636,0.030570453,-5.3574957e-05,-0.0069717364,-0.007615528,0.041380156,0.01902855,7.1529274e-07,-0.042737223,-0.05168695,0.010267973
C1QB,-0.03381823,-0.048334017,0.025198512,0.014578643,0.059460633,-0.06986158,-0.014210552,0.0008815199,-0.067010656,-0.007900686,-0.06124398,-0.05425683,0.01320071,-0.06807206,0.02557801,0.036524884,0.010173113,-0.016529446,0.004974936,0.0026602175
C1QC,0.0056549204,-0.0014704608,-0.013169985,0.015647944,7.450155e-05,-0.004930006,0.0451542,0.005401324,0.00050822075,-0.01695382,-0.008318814,-0.00011456471,1.95356e-06,0.009781197,-0.05111798,0.06486244,0.0021537922,-0.06279941,0.0047635757,0.01917507
C5AR2,0.027570058,-0.009858699,9.239142e-07,0.017717505,0.011572142,0.009009047,0.0008678141,-0.021886216,0.04978417,-0.011066733,-0.00205549,0.00016265332,-0.012279047,0.04348178,0.038671464,-0.02098328,0.026636845,0.0120103005,-0.008760668,-0.009507592
CACNA1C,-1.2722437e-06,-0.0073467433,0.0034492563,0.06546331,-9.403619e-05,-0.006290427,-0.012568742,-0.00086079264,0.05725004,-0.0058271023,-0.031098051,0.010218792,0.042927653,0.0066256854,-0.009659737,-0.018838802,0.012575435,-0.0068462887,0.021733733,-3.5111398e-07
CALB1,-0.031505805,-0.024229852,0.014709225,0.028821228,0.00809636,0.008980682,0.005943089,-0.03438459,-0.05625566,-0.02738581,-0.015197173,-0.027455378,0.00927012,0.030939473,-0.0020082025,-0.03989718,-0.018857092,0.034001235,-0.04041489,-0.0019278068
CALD1,-0.034477297,0.04881223,0.008081415,0.025717145,-0.027596941,-0.008538358,-0.012968919,-0.050598692,-1.1623563e-06,-0.0058181323,-0.032727893,-0.043239582,0.02931337,-0.03369306,0.03170187,0.09928291,0.06378473,-0.008752456,-0.026590029,8.838387e-06
CALM1,-1.9353752e-06,0.032339327,-0.00047684682,0.032939103,-0.0053908904,-0.042055678,-4.774371e-06,-0.0030886626,-0.006725243,0.00086241035,-0.020994134,-0.0033097204,-0.001055388,-0.04529599,0.013055919,0.012986694,0.015792517,-0.025405727,0.003760698,-0.014406873
CALM2,-0.017984947,-0.043823745,-0.003349649,0.0067531755,-0.012501606,-0.02341798,0.03638574,-0.01412905,-0.04411834,-0.012375435,0.0002050249,0.009357513,0.0047698044,-4.8803395e-07,0.0013947677,0.054171037,0.040652122,-0.008173375,0.0006200352,0.048086964
CALM3,0.018306222,0.013625781,-0.0034776102,-0.017318942,-0.018218225,0.027063385,0.009575313,-0.003147595,0.03241539,-0.0069248644,0.015672237,0.019370664,-3.565119e-05,-0.03885655,0.00085377,0.0006743135,0.0059645316,-0.02993852,0.0285913,-4.2301317e-06
CAMP,-0.01852268,0.04106155,-0.01327516,0.011987069,-0.01511029,-0.025681656,-0.012886728,-0.028408114,-0.04750885,0.011460883,-0.010951066,-0.019462733,0.027706815,-0.059187658,0.02242839,-0.03801305,-0.024991374,-0.028641846,-0.012305466,-0.0019855571
CARMN,0.0001289269,0.010525448,-0.038566396,0.027251163,0.007939223,-0.010398496,0.014122832,0.005199516,-0.025417097,-0.015332108,-0.0011316541,-0.009263762,0.0041407016,3.0194774e-06,-0.012263133,0.030664215,-0.019452233,0.00364911,-0.0008435599,-0.0046737893
CASP3,0.0006285466,-0.0015428889,0.0033761463,-0.009944919,0.009261802,-0.0018306196,0.008102274,1.0785218e-06,0.026042996,-0.03736718,0.0050997916,0.0051018544,0.010289575,-0.0072256206,0.0005173447,0.0076242764,0.029103592,-0.03594827,-0.036498096,-0.034696735
CASP8,0.0014378612,0.020767616,0.0012698246,2.962652e-06,0.009061888,-0.008009265,0.010904191,-0.00569418,-4.0011882e-06,0.013057581,-0.001276664,-0.020527018,0.04274189,-0.02762985,0.008171262,0.002346111,0.005546731,0.0073648477,-8.249142e-06,-0.02121605
CASR,-0.0044347434,0.032459132,0.0048328526,0.008216405,0.0002779146,0.00725092,-3.6604132e-07,0.026662312,0.008418203,-0.029696995,-0.015688963,-0.007170508,-0.025680168,0.042187322,-0.0087341,-0.0007792715,-2.1235253e-07,0.0025055013,-0.031801853,-0.0023635635
CAV1,-0.010236211,-0.0031566164,0.044393156,-3.8399917e-06,-0.045906603,0.025094684,0.00029395914,-0.06581505,-0.06485516,-0.120576106,-0.04358722,-0.029107131,-0.041431267,-0.046723615,0.0048358734,0.01056826,-0.037755404,0.047483783,0.025084207,0.01132797
CCDC80,0.01695355,-0.0020303372,-0.0174055,-0.0044507044,-0.009711994,0.0021090782,0.04745983,0.0017254049,-0.0046266224,0.041810255,-0.052904695,0.03374123,-0.00010041065,-0.014778073,-0.012111269,-0.035501458,0.025673706,0.0041710064,0.005157222,-0.015825264
CCL11,-0.062676035,-0.017023861,0.014648036,-0.04397825,0.04501625,-0.022005532,0.009289366,-0.030353587,-0.024692643,0.05513346,0.00016015468,0.021565251,-0.045799263,0.019860286,-0.016384212,3.4130137e-06,0.016116455,-0.04964925,-0.01141503,-0.009880972
CCL13,0.02751771,-0.009364834,-0.020857146,0.00927806,-0.024330033,0.034113698,0.017492367,0.02306786,0.010521459,-0.02754016,0.00079471746,-0.016631134,-0.027202247,4.647965e-06,-0.0005718351,0.039727416,-0.014102699,0.02032842,0.006985326,-0.0001535565
CCL15,-0.0022455913,-1.8487576e-06,-0.0051597585,0.0049881632,0.0062049064,0.013110241,-0.021797111,-0.004038647,0.00084272417,0.03757903,-0.024881892,-0.023666853,0.005625053,5.54347e-06,0.015861463,-0.034786567,-0.011336981,0.05646711,-0.019091614,9.231597e-05
CCL17,0.0047022947,0.027093012,-0.0154616125,0.011982023,0.0045618517,0.0046223565,-0.058575522,-9.03425e-06,0.0024183998,-0.011692724,-1.0794486e-06,-0.04403575,-0.019631393,0.015916012,0.014188689,0.0031583263,-0.017420657,-0.008515641,-0.00017975438,0.0740415
CCL18,-0.072154224,-0.022697637,0.017214801,0.004974316,0.050802816,0.0021705895,-0.089991234,0.015551865,0.05577976,0.014105667,0.06881735,-0.058342382,0.010861699,-0.01895718,0.041494586,-0.040380463,0.018830052,-0.012669417,0.014401573,0.017267259
CCL19,0.009431591,-0.015503928,-0.036839493,-0.020224938,-0.011454002,0.030751122,0.054342303,0.004796768,0.053579375,-0.03714426,-0.01249074,0.011295625,0.013428132,0.05079082,0.03642955,-0.030273126,0.010848695,0.0013611797,-0.037407912,-0.07057292
CCL2,0.0007623375,0.01917079,-0.024722144,0.06440197,-0.0005130903,0.011527711,0.0021755898,-0.017338607,0.015198012,-0.00080454536,0.014344427,0.007628882,-0.013541962,0.015227361,-0.0024827144,0.023260027,-0.006598192,0.02994129,0.022627262,9.453069e-08
CCL20,0.013272858,0.012362926,-0.0018491006,0.015654773,-0.01989695,0.01952065,0.053452894,0.018465973,0.029605469,-1.0364475e-05,-0.06664182,-0.046269055,0.0049232333,0.065016136,0.0069630602,-0.050760478,0.00777422,-0.05410274,0.0027093696,0.04627168
CCL21,-0.086835116,-0.059773285,0.023577759,-0.17829831,-0.029569922,0.025180934,-0.008034587,-0.010877239,-0.02323312,-0.010080744,0.14738336,-0.036608685,0.005756727,0.0006527603,0.05116861,0.0733284,0.055034835,-0.030873433,-0.112008415,0.049351852
CCL22,0.017100962,0.0673908,-8.803635e-05,0.0045285616,0.05392642,-0.010320248,0.04104235,0.025889594,0.017336555,0.015160287,0.023333069,-0.0151201105,-0.0006472733,0.051311906,0.009623191,0.0015272875,0.004327115,-0.0140964,-0.0030730094,-0.007894492
CCL26,-0.018596023,-0.04019715,-0.00071401754,-0.0046817176,0.0033502087,1.374678e-06,0.039004482,0.016428435,0.03265349,-0.028472066,0.0006584534,-0.020331908,0.021320092,2.0489976e-07,0.0006671492,-0.010631955,0.016000735,0.043275274,-0.016067185,-0.04258565
CCL28,0.019721974,-1.6876317e-06,-0.019954607,0.010022151,-0.003991918,0.023385094,0.008114426,-0.0031263088,-0.0029126937,-0.01686816,0.023869624,3.2788425e-06,0.004054439,0.005619997,-0.015237867,-0.018183831,-0.02129655,0.002266043,-0.0016628733,-0.00199938
CCL3/L1/L3,0.015852144,0.019372456,0.0005075502,-1.3076276e-06,-0.0020267386,-0.00039650287,-0.041930612,0.031586107,0.00023524396,-0.006259228,-0.0006843555,0.014260177,-0.014444166,0.055310585,-0.023135817,0.005590303,3.6858066e-05,0.00010468888,0.03677557,0.053867254
CCL4/L1/L2,0.033282626,-0.010760997,-0.007858106,-0.009848067,0.0019075306,0.015771706,-0.05227214,0.022809278,0.037043028,-0.045712452,-0.0071836873,-1.9681438e-06,-0.026971545,0.034071725,-0.009346522,0.011884148,0.027379308,0.0033859068,-0.0014439371,0.016124228
CCL5,-0.024164008,0.0025650787,-0.023418512,-0.0034427627,0.008034453,0.020567315,-0.019331038,-0.027682493,-0.012920569,0.04225812,0.10616742,-0.01127032,0.029807078,2.7410932e-05,-0.0015341423,0.007895401,-0.029798469,0.023690632,0.042481046,0.022967553
CCL8,-0.030019458,-0.021295795,3.2355624e-06,-0.029726135,-0.028064288,0.025562968,0.006544104,-0.025787704,-0.060578626,-5.336848e-07,0.041471783,-2.4631543e-05,-1.5097596e-06,0.074699655,-0.067075714,-0.0013536601,0.021373872,0.0071871052,-0.015858637,0.014683207
CCND1,0.015739473,-0.015074118,-0.031316712,-0.060877595,0.0043259934,-0.009911942,0.030586857,0.0031552743,-0.038839374,-0.004646399,0.0008488354,0.00025467746,0.012661924,0.015922058,-0.00020272315,0.0057375045,0.012997266,0.00864745,0.034468677,-0.023935355
CCR1,-4.379415e-05,0.050372217,0.004769683,0.043855064,-0.020129848,-0.0008738873,0.004162728,0.00025541688,-0.0037819732,-0.01097981,0.026569765,0.014456832,0.04492901,-0.012557153,-0.007532803,-0.040611394,-0.038650636,-0.0009709197,0.0151960645,0.010865469
CCR10,-0.03403058,0.0019186575,-0.018842608,0.006832569,0.019152762,-0.013173277,0.021426829,0.04315877,0.006745665,-0.0090208,-0.021897439,-0.007945144,0.022434415,-0.012722045,-0.0041564084,0.015949119,-0.017080747,-0.00069185987,-0.0054057892,-0.0025348363
CCR2,-0.008319028,-0.008468869,-0.009066809,0.027298743,-0.011943706,-0.012356819,-0.017364964,-0.0029834297,-4.599131e-06,0.015435351,-0.016290087,0.0016268457,-0.009758764,0.002589905,0.002821123,0.0008249406,-0.01596646,0.004003719,6.9945872e-06,0.044199143
CCR5,2.7829167e-06,-0.005397834,-0.035898704,-0.04641199,0.01916792,-0.020024097,0.03513345,0.00903105,0.0017397726,-0.0062819757,0.010920845,0.040974557,-0.037892308,0.008122599,-0.0127747,0.031115858,-0.0018185992,-0.030865341,0.0039395667,-0.0015803874
CCR7,0.022433009,-0.008682435,-0.0019755668,-0.045277063,0.035948608,-0.010926972,0.009393949,0.0057550166,0.05238579,0.00031926643,-0.009063241,-8.587417e-07,-0.0009509017,0.042702287,0.02960541,0.0030429831,0.035626497,0.012769517,0.020772811,0.0086731445
CCRL2,-0.0015212249,0.031631507,-0.023474503,0.00025021398,-0.016171465,3.210376e-06,-0.03448465,0.012287742,-0.0033007707,0.0047806073,0.062187128,-0.0050537037,-0.00038261845,0.008508345,-0.0024217272,0.004130715,0.012206481,0.043573022,-4.972397e-05,-0.008965435
CD14,0.0009769658,0.008521338,0.021017501,0.049903166,0.018958006,-0.014047707,0.073171705,3.13088e-05,-0.023421058,0.011107108,-0.05086601,0.005737528,0.018892925,0.031707574,0.016773567,-0.0007826419,0.038186267,-0.038599763,-0.02184056,0.10511109
CD163,-0.025179133,0.06690592,-0.0053224703,9.665611e-07,-0.010807084,-0.0032322542,0.026439033,0.022305155,-0.00462011,0.008467423,0.00763378,-9.3139015e-08,0.007314567,0.013404242,-0.027838154,0.010179144,-0.050163995,-0.040072236,0.02651406,0.013761826
CD164,-0.01119947,-0.01426231,-0.0016405429,-0.0007863824,0.0538929,-0.020625312,7.7679e-07,0.028482068,-0.011925494,0.011070133,0.005144926,0.04190959,-0.0158133,0.028493429,-0.023980245,0.007284339,0.024849951,-0.013252419,-0.011132877,-0.062103856
CD19,0.03895156,0.0049084355,0.0026720413,-0.054061096,0.028584993,0.004514861,0.00086760736,0.00020516363,-0.024882043,-4.442716e-06,0.018699922,0.022272032,-0.0016118692,-0.0026180928,-0.04718342,-0.006958837,-0.012467112,0.000861149,0.0044484963,-0.0104770865
CD1C,-5.1886304e-06,-0.0031889838,-0.017855749,-0.023876933,-0.0072715753,-2.4073163e-06,0.033253927,-0.020856842,-0.048223313,0.007781305,0.0019229682,-0.00587479,-0.016766405,0.00934629,-0.01669274,0.03392159,-0.025775686,-0.0017733654,-0.018254004,-6.107707e-06
CD2,-0.02405888,0.013327688,0.0002836682,-0.00071246515,-0.023903761,0.0114815375,-0.002102187,-0.032366462,0.013721056,0.000762357,0.042161908,-0.012730578,0.020919412,-2.2762501e-06,0.009225862,-0.069778666,-0.039441742,-0.041225165,0.0027269707,0.009607945
CD209,-0.004893373,0.008270373,0.0041764234,0.049209684,-3.462849e-06,0.0064967815,-0.010072595,-0.01202675,-0.022538204,-0.018437935,-0.03980453,-0.007859418,0.0063264547,0.020572897,0.009788899,-0.033984143,-0.0204259,0.01005367,-0.00032867855,0.0072960267
CD22,0.03523474,-0.025461765,-0.004102685,0.029678058,-0.024342813,0.024470696,-0.01815992,-0.018017279,0.034238067,-0.014884242,-0.044050466,0.008092653,-0.018364862,0.018364271,0.008228114,-0.0009872322,-0.00564115,0.025371725,-0.0010004989,-0.030253002
CD24,-0.044336542,-5.3888725e-06,0.011309151,0.0010927445,-0.020170672,0.013917261,-0.012369647,-0.026640626,0.022440828,0.08238375,-3.9024067e-06,0.0013208509,0.009285763,0.007984661,0.0010816676,-0.021624615,-0.019967668,-0.0072039813,1.302055e-06,0.009342506
CD27,-0.0025719132,0.022741351,-0.0024301237,-0.030775368,-0.030179042,0.03310745,0.013084985,-4.477309e-06,0.0005810869,0.004942435,0.022616843,-2.384359e-07,0.025453152,-0.04718251,-0.007178189,-0.044746283,-0.005330463,0.0035263225,0.012895199,-0.02892391
CD274,-0.036626507,-0.015269678,0.0121864,-0.034152813,0.00049077655,-0.014099435,-0.01038714,0.040961307,0.007472749,2.7557879e-05,0.0138194645,0.0042850845,-0.013109643,0.031789538,0.0073860334,0.029422048,0.0006405819,0.047986176,-0.0010789491,0.022830922
CD276,0.012765931,-0.0029714555,0.0020651885,0.005132578,-0.0034047812,0.011272509,-0.013829695,-0.041224647,-0.041594595,-0.000678993,0.01691208,-0.02162513,-0.05740077,-0.009999102,0.01854849,-0.03801278,-0.00082214753,0.019857638,-0.00774395,0.0071277767
CD28,0.007599107,0.015476069,-0.0019295953,-0.006770693,-0.023045264,0.017215483,0.019665675,0.0008993922,-3.7199127e-06,0.0005706701,0.022308068,-0.007975946,0.010352971,0.02823038,0.0048983414,-0.05929895,-0.0075295647,-0.0111486735,4.3871245e-05,0.00018419421
CD300A,0.0054459106,-6.544695e-06,0.0023685852,-2.9216721e-06,-0.008320156,-0.016487239,-0.0038975512,0.0027366332,0.0020055284,-0.02061989,4.73877e-06,0.0038443909,0.0036748983,-0.0037286354,-0.019462321,0.030657161,0.038506463,0.036460172,-0.009639445,-0.0031604334
CD33,0.011757092,0.0008542624,-0.010225545,-0.0144451065,-0.021769103,-0.0014549765,-8.862298e-07,-0.00066452776,-0.013137037,0.01580357,-0.053361353,0.035046216,-0.029306697,-0.0021629778,0.0090395445,-2.6264698e-07,0.023027387,0.01592728,0.028233275,-0.0026608377
CD34,0.022394583,-0.044350084,1.7449125e-06,-0.022789171,-0.026967416,-0.012744834,-0.030779803,-0.005835087,0.04056712,-0.03605983,-0.0013390094,0.008336393,-0.00026143802,-8.2425584e-07,-0.004183841,0.025868753,0.062007334,-0.01861438,-0.00044223675,0.031591393
CD36,-0.044325836,-0.013721613,0.014778378,-0.00044544463,-0.04696885,0.040047444,-0.005443801,0.011034491,-0.00032892448,0.011175687,0.0010535958,-0.0017920941,0.038680274,0.037583116,0.0039068754,-0.06716799,-0.00082101265,-0.0010263528,0.027791945,-0.014831792
CD37,-0.007963498,0.015349838,-0.031549085,0.016109122,0.025298389,-0.020583224,0.0035420728,0.0018400169,-0.01057204,-0.004015436,-0.019319668,-0.00070774474,0.007969772,-0.021686047,-0.017019363,0.011614022,0.008913697,0.008240852,-0.013094299,-0.013651332
CD38,-6.7989596e-08,-0.0020877866,-0.012649449,-0.010425076,-0.004338922,0.011532233,-0.014226918,0.027535006,0.03027612,0.0029218001,-0.030919742,-0.014763877,0.030458152,0.043186586,0.0003956936,0.026393076,-0.0047763432,0.025739895,-0.033613145,-0.010415203
CD3D,-0.0060373736,0.044753116,-0.02106843,-0.024563255,-0.009046926,-0.0019021508,-0.013392092,0.00026650805,-0.020754125,0.02582535,0.01229892,0.007551145,-0.0043223263,-0.020924091,-0.010910013,-0.015941177,-0.05950077,0.050900076,0.020398753,-0.034173116
CD3E,-7.227387e-07,-0.0026021604,0.012302355,-0.0051365998,0.0097803,0.0062583326,-0.03894836,0.017380351,-0.0346998,-0.013737885,0.07133027,0.013871063,-2.0420407e-06,0.011894081,0.0034374378,-0.022735162,0.033065815,-0.04062695,0.028724845,-0.0044614277
CD3G,-0.02658603,0.012808899,7.069061e-07,-0.040024523,0.0011857799,-0.0017776259,0.054339804,0.0033761756,-0.047947995,0.02035747,-0.037557904,0.010999719,-0.0075939293,0.0097397575,0.0070878617,0.00096300425,0.013689639,-0.004532227,-0.00317669,-0.02710394
CD4,0.012757598,0.01800751,0.003536386,-0.0028863582,0.013814598,-0.029394215,-0.039512873,-0.021191545,9.983365e-05,-0.016486634,0.027490597,-0.011672904,-0.062817,-0.06319153,-0.023733266,0.033971094,0.028499164,-0.04538387,-0.0063484553,0.018312272
CD40,0.029968414,0.010443713,-0.0065934053,0.034547873,-0.00047946488,0.020787146,0.03413375,-0.031552713,2.6003997e-06,-0.027028374,5.4484676e-06,-0.012644705,-0.024891805,0.004235807,0.017952358,0.0013994296,-0.030595897,-0.0036886125,-0.039420836,-0.0019430611
CD40LG,-1.1968031e-07,0.020328635,-0.003564827,0.030153992,-0.0011475917,-0.022796804,-0.006778951,4.2052456e-05,1.5460829e-07,-0.050855573,-0.021477163,0.008611622,-0.020755254,0.009843796,0.0016750699,-0.037528325,0.0067391978,-0.019282198,-0.013834998,-0.0037547497
CD44,0.08704962,-0.014872066,-0.048994172,0.06453027,-0.00873241,-0.030519577,0.018446274,0.042219933,-0.057598993,0.025227012,-0.0553141,0.0068956884,-0.0061783236,0.0039080475,0.013185345,0.03706948,4.2372714e-05,0.06648512,0.024717528,1.8067935e-07
CD47,0.014798291,-0.0057807774,-0.015914738,0.017089885,0.009814674,0.018705087,-0.002614446,0.0105131585,-7.90301e-07,0.015588554,0.0017551288,0.0010292643,3.0184015e-05,0.03438812,-0.0031870082,-0.06056052,0.04713664,-0.000501082,-0.005761777,-0.019064164
CD48,-0.027418029,0.0632126,-0.004832226,0.0036129823,0.011809331,-0.0024316346,0.009496835,0.014470801,-0.016947025,0.02084402,0.009724897,-0.008486517,0.031160606,-0.028938962,-0.01196178,0.0060457704,-0.020075943,-0.032938816,0.019001273,-3.814756e-06
CD52,-0.022026831,-0.020284275,-0.00874622,-0.021328308,0.058641452,-0.00295569,0.017394915,-0.025123084,-1.1595622e-06,0.037689604,0.023531886,-0.0033630878,0.037022755,-0.01651826,-0.012324034,-0.020169063,-0.025248675,0.008700647,-0.0013287853,-0.018946212
CD53,0.011651539,0.0001136795,-0.003811632,-1.4023933e-06,0.00012233226,0.014720978,0.0074005974,-0.021632573,-0.014453225,0.0018871725,0.014202181,0.049221538,0.006495348,0.014786449,-0.0028204166,-0.00663398,-0.018028168,0.008256571,0.03416684,0.0005088573
CD55,1.0182606e-05,0.0051834215,7.732752e-05,0.002650941,0.03462961,-0.050648876,-0.05373718,-0.019809246,0.0029891361,-0.018119091,-3.49447e-06,2.6691314e-06,0.029207114,-0.03465856,-2.429619e-05,9.751468e-07,-0.0017583376,0.023763107,-0.016028509,0.011090027
CD58,-0.02002619,-0.009100999,-0.0060919262,-0.0013959311,0.011083488,0.0026306899,0.017020695,-0.014314766,0.0009295628,0.008718124,0.0067394087,0.00038180943,-0.029662926,-0.011806828,-0.04165587,-0.02073263,0.018219065,-0.013839813,-0.003614363,0.019767446
CD59,-0.060919445,-0.067677386,-0.015865112,0.0009446019,-0.037660014,0.0039903186,0.019193586,-0.035912294,0.011685075,-9.170995e-05,0.0614208,-0.013363004,0.0008635061,-0.05699337,-0.019743808,-0.03481148,0.05005488,-0.0094842445,-0.019700866,-0.004294569
CD5L,-0.0015175219,-0.015175541,-0.0028780384,4.6567934e-08,-3.8102517e-06,0.014371469,0.0035115029,0.00036252398,0.04531177,-0.004107793,-0.009280905,-0.0064028525,0.0039398386,0.0034800104,0.003900687,-0.015862938,0.002565418,0.015071792,0.0075360923,-0.024602517
CD63,-0.033626657,-0.018979931,-1.3919135e-05,0.00087710144,-0.015862126,0.002489296,0.0010122588,-0.012699168,0.019072268,-6.4727906e-06,0.04902269,-0.005498459,-0.0028187938,-0.026339432,-0.0135302665,-0.0047400193,-0.024419378,-0.039941024,0.056623552,0.048990805
CD68,-0.0063667777,-0.03120685,0.009167137,0.035540402,0.06405105,-6.9106443e-07,0.034576796,-0.014268402,-0.05119739,0.018738851,0.030709729,0.0005949161,0.027761051,-0.0096476395,-0.022078816,1.580795e-05,0.028812097,-0.0011204212,-0.00011740407,-0.0092012845
CD69,0.00037710616,0.010776814,-0.011287323,0.0036420417,-0.023200039,0.023701832,5.1786e-07,-0.012542567,-0.016361663,-0.026343478,-0.01261539,-0.013523749,-0.012674149,-0.012307832,-0.0009125769,-0.010544112,-0.049010795,-0.010470464,-0.026704652,-0.00049068424
CD70,0.0032934942,-0.013584067,0.0044307997,-0.006742254,-0.034121606,0.042543866,0.0073309974,0.0034894447,0.042065945,0.006802683,0.010120766,-0.0009161219,3.4181477e-07,0.016845455,0.010099749,-1.8031367e-06,-0.015582427,0.02645651,-0.01769397,0.013508884
CD74,0.16913216,-0.07665561,-0.014694895,-0.14945288,-0.0036889238,0.13858473,-0.048187025,0.078721836,0.0147658875,-0.04627072,0.23018521,9.597975e-07,0.2619571,0.05868586,0.07180936,0.027623424,-0.06805534,0.031096216,0.16099937,0.028465198
CD79A,-0.018522548,0.027056165,-0.008335583,-0.00010931077,-0.052320905,0.03135254,0.004407527,-0.084297374,-0.017547851,0.0076601803,0.06802986,0.02574729,-4.27967e-07,-0.027419316,0.009441288,-0.07475164,-0.042803574,0.009836697,0.029588664,-0.03377382
CD80,-1.5074713e-06,0.008436362,0.00924242,-0.009962151,0.024920614,1.2461512e-06,-0.023109768,0.0025588796,0.011013874,0.00054740225,0.0111016575,0.00071707636,-0.002425375,0.0004269124,0.0049175317,-0.0014721326,-0.02365057,0.0045706015,-0.0025678433,-0.0025060072
CD81,-3.571037e-05,-0.0026397104,-0.010574022,0.0009365314,0.0055753174,-0.025934555,0.029242985,0.009061503,0.028749129,0.021092338,-0.051814903,-0.02055461,0.016337907,0.007294875,-0.019858746,0.0045376327,0.016397519,-0.103221886,0.019983793,0.02026493
CD83,0.008203379,-0.007950095,-0.012350411,-3.6136717e-07,-0.0017587744,0.006727251,-0.018779187,-0.02256592,-0.0043496825,0.0075069945,4.6456335e-06,-0.010451555,-0.007799049,0.011436644,0.0025510748,-0.014411651,0.0037482514,0.02174485,0.0012783747,-0.022699105
CD84,0.009958226,-0.013891099,0.031386863,0.016753798,-0.0054889866,0.006380327,-0.019392962,-0.016700592,-0.01430708,0.00021073376,-1.6019426e-07,-0.0060485103,1.046866e-06,0.017888032,0.00820166,-0.014446225,0.0033894985,0.03729053,4.405379e-06,-0.01827662
CD86,0.009401296,-4.3029017e-06,-0.038855232,-0.0034456442,-0.00653986,-0.020302935,-9.1628615e-05,0.0042753536,-0.003177641,-0.0255067,0.011046738,0.011976804,-4.7483383e-05,0.025161011,-0.030030195,0.019143,-0.0057456936,-3.8247085e-06,-0.02476129,-0.018112926
CD8A,0.01567217,0.0064895335,-0.0069099083,0.001440718,0.028723601,-0.0065253107,-0.02973101,-0.016668724,-0.007910837,-0.00890192,0.026201585,0.0017634792,0.0046447543,0.019993834,-0.006829112,-0.012850266,-0.0024424854,0.00020223175,0.017490704,0.03134295
CD8B,-2.1179226e-06,0.04361458,0.010276648,0.029510481,-0.0062535712,-0.016045481,-0.0437332,0.034763742,-0.00396966,-0.02420638,-0.0126769785,-0.0143726375,0.031026637,3.4534924e-06,-0.0031209704,-0.009862275,-0.050443407,-0.0064894846,-0.010454875,-3.4156778e-07
CD9,-6.152034e-05,-0.055872522,0.021909527,-0.019875677,-0.0023644413,-0.0039768764,0.02039478,-0.031488616,-0.03274254,0.05438937,0.00035121033,-0.016196005,0.036974594,-0.0478711,7.0861875e-05,-0.009229452,-0.018171476,-0.043327115,-0.05574659,-3.4770587e-06
CD93,0.019801827,1.2480278e-06,-0.01218124,-0.0366914,-0.06713277,-0.008716896,0.0046563405,0.01853723,0.0076829535,-0.019015288,-0.013084401,-5.905014e-07,-0.038576677,0.0116846915,0.007527924,0.00010225123,0.06637648,-0.052389253,0.037441242,-0.00927156
CDH1,-0.021586165,-0.0448721,-0.014245179,0.03769347,0.019222576,-0.04820115,0.016396953,0.04479742,0.037533645,-0.009092458,-0.0060374993,0.0012211531,0.009403638,0.012166924,0.0047192243,0.033408,0.016836453,-0.031201804,-0.02987868,-0.020325417
CDH11,-0.038930044,0.02486101,-0.0004237227,0.03573153,0.0055545256,-0.02377889,0.04691811,0.005953791,-0.014723482,1.2391522e-06,-0.02242849,8.7852444e-05,0.010211869,-0.008426914,-0.016827386,0.017194748,-0.030209562,-0.020539958,-0.008187541,0.012574567
CDH19,0.021716071,-0.048092373,-0.03820377,-0.052940752,0.03900051,0.014216407,0.013393781,-0.005601444,-5.3705423e-07,-0.00015467918,-0.0046129297,-0.033473358,-0.027505733,0.040250666,-0.0268049,0.0005943124,0.017631877,-0.025490101,-0.009611968,-0.024543868
CDH5,0.009414177,0.00016618724,0.0034418579,0.017305762,-0.008137475,-0.028376712,-2.2068426e-07,0.017637732,0.013532327,-0.059242383,-0.01203432,-0.0072814715,-0.02199145,-0.014706694,-0.00845006,4.3174605e-05,-0.033321448,-0.021779008,-0.0009796092,0.0044413023
CDKN1A,-0.010519536,-0.03615685,-0.053394325,0.04259449,0.0072476137,0.015356297,-0.049835503,0.028043484,-0.0124897,-0.015687171,-0.0031699403,-0.018149959,-0.008503273,0.046923764,-0.055007506,-0.00072362967,0.011142538,0.02999092,-0.03161696,0.014406671
CDKN3,-2.2874308e-06,-0.03407653,0.0009257271,0.015767936,-0.020029632,-0.016053757,-0.02326916,-0.010750132,0.031371094,-0.010634984,-0.046358358,-0.023961877,-0.027053554,0.032633513,0.024899384,-0.023301924,0.01095838,-0.004220865,0.004375394,0.0026547506
CEACAM1,-0.03244773,-0.023494797,0.014134456,-0.013019499,-0.017860642,-0.014347212,-0.0147141535,-0.007897257,0.0018392166,0.0011538935,-0.047833215,-0.012830394,0.00068172027,0.02713116,-0.0032348637,-0.024548344,-0.010341478,-0.0004599411,0.00818979,0.021383312
CEACAM6,-0.004961423,-0.06630972,-0.01832263,-0.0015450197,0.0043652127,0.009950111,0.015711179,-0.012431653,0.08100269,-0.0037753792,0.021627547,0.04329699,-0.009595991,-0.028434243,-0.057382546,-0.015297291,0.0097697275,0.004705197,-0.0025269205,0.01834665
CELSR1,0.012511131,0.0126968315,0.011794234,0.009328503,0.020978803,0.0052665332,0.008114914,0.011837853,-0.004384246,0.051465176,-0.012337354,-0.040947504,-0.01667989,-2.4308562e-07,0.00908777,0.03382261,-0.021538222,0.030388491,0.000320535,-0.009574753
CELSR2,0.007204198,0.017664619,0.016331818,0.022529999,-0.008503076,0.0062356303,4.942955e-06,-8.1215114e-07,0.016518997,-0.005078657,-0.034554705,0.0159239,-0.008904776,-0.010434442,0.005068989,0.0026027937,-0.018314404,0.00230776,-0.006052518,-0.013318843
CENPF,-0.017771363,0.019701801,0.027843287,0.055545915,-0.012911988,0.022397898,0.02415885,-0.019863745,0.011177445,-0.0016989971,-0.021184398,-0.0014076974,0.01712913,0.0017419516,0.009542405,-0.005252445,-2.0327167e-07,-0.030135183,0.012650082,0.03227529
CFD,-0.013402754,-0.0048880256,0.04056928,0.0071365223,0.010453071,0.002066169,-0.03297067,0.028891668,0.0106954705,-4.5013935e-06,0.016895529,0.0015192529,0.037415914,-0.016991902,-0.02896306,-0.0061628753,-0.0024826578,0.016936943,0.031023888,0.0323088
CFLAR,-0.0020931216,0.02651718,-0.0053320923,-0.011258795,-0.0050490727,0.009567979,0.025629096,-0.027686795,0.029147493,-5.4206726e-07,-0.007937074,-0.00027561325,-0.021976044,-0.004303113,-0.024285244,0.0025983087,0.0019217252,-0.027357869,0.0037923357,-0.033077955
CHEK1,0.021781309,0.03353685,-0.002061341,0.043247815,-0.0016641375,-0.011032351,-0.019566908,0.004978995,0.0040025115,-0.010511803,2.6795285e-06,-0.002539696,0.033071972,-0.036760207,-0.0030325903,-2.7750236e-06,0.0045841346,-0.010598439,0.00083600526,-0.030691672
CHEK2,0.004374056,-1.4687611e-06,-0.009312422,0.029429365,0.012939747,0.006588772,-0.0023880135,-0.02643304,0.036988325,0.013305017,0.014662096,-0.010797918,-0.050214913,-0.008036945,0.024822285,-0.022116246,-0.00020523221,-0.028335437,-0.0077079684,0.004560937
CHI3L1,-0.05602313,-0.04071791,-0.0048577106,-0.0387007,0.04548985,-0.038473736,-0.07016341,0.032870315,0.015916586,0.10221069,-0.0031144987,-0.033742707,-0.00064226345,-0.061853725,0.016287908,0.0041908273,-0.0081325,0.017909061,0.04446676,-0.04625357
CIDEA,0.026583249,-0.025906418,0.015747325,0.016226897,0.043789368,-0.023571353,-0.01481242,-0.032960773,0.034995127,-9.48152e-07,-0.028967217,0.017808482,-0.03950632,-8.884384e-05,0.043001723,0.0013492473,0.0497973,0.015592411,-1.2145063e-06,-0.04950711
CIITA,-0.0010421859,0.007888309,-0.0053565176,0.02521267,0.008828282,0.01748491,0.00010378482,0.034173496,0.022041133,0.030205239,2.1572671e-07,-0.027207997,0.009360472,0.021813747,0.0068841805,0.04553494,-0.026396492,-0.02385111,-0.015924737,0.022393158
CLCF1,-0.014237125,0.046328284,0.04326623,0.03165254,0.011206757,-0.023798548,-0.06299052,0.0010813131,0.034353554,-0.008399974,-0.019449173,-0.005003459,-0.017680718,-0.026280545,-0.0012353411,-0.028092572,0.004149819,0.014208268,0.029967315,0.012198572
CLDN4,0.0152808055,-0.019974759,-0.05825283,-0.033237163,4.2880465e-06,-0.056714676,0.027377522,0.011246591,0.016354155,0.00934645,0.0034915141,0.06148748,-0.06396725,-0.038618166,-0.036594104,0.041235544,0.02595461,0.0011474848,0.00039543156,-0.04037852
CLEC10A,0.010307573,-0.010524706,-8.98581e-06,0.044414617,-0.025490183,0.048816014,0.0006769346,0.0073718154,0.04543934,-0.004377415,-0.019431146,0.012303667,-0.012475541,0.0008659939,-0.0040537445,-0.011918904,0.015596582,-0.019866917,0.01190625,-0.007638865
CLEC12A,-0.014566391,-0.001592151,0.026748322,0.08436584,0.0046137,-0.04323615,-0.021338573,-0.001348204,0.075435214,0.0025033937,-0.03712311,-0.0003452174,-0.0074001383,-0.0014178356,0.032527335,0.03394472,-0.02370105,0.00270083,0.02601126,0.03311417
CLEC14A,-0.040162202,0.020937972,0.006395616,0.021792259,-0.0032966458,-0.012435778,-0.013359165,0.0058962414,-0.04090758,-0.0014543958,-0.04563898,-0.0495181,0.010797721,0.03767614,2.4486194e-06,-0.026493637,0.0021338859,5.8257765e-06,-0.012688755,-0.0015371363
CLEC1A,0.024444707,-0.041187324,0.026339516,-0.00846013,0.054919735,0.006317136,0.018181449,-0.0047735963,0.039419767,-0.024603423,-0.017458647,0.0072156563,0.014441501,0.0023875663,0.02178467,-0.0030368483,0.0019742164,0.018044602,-0.07575074,0.024033185
CLEC2B,-0.010169501,0.02069529,-0.011755227,0.0092648165,0.012304319,0.01721456,0.018898556,-9.010966e-07,-0.013730997,0.015631357,0.0063515934,0.03495085,0.035004895,-0.029692339,-0.0011076222,-0.011718214,1.5735509e-06,-0.0067221904,-0.0062112813,-0.010889863
CLEC2D,0.016328227,0.056931548,-0.008833547,-0.0011402321,-0.022508817,0.0025260062,0.047136415,-0.0041708606,1.3467686e-06,-0.008826664,-0.022409512,0.004110379,0.010481476,-0.01673361,-0.013224472,-0.04954811,-0.01756144,-0.00864797,-0.025490165,-0.022184331
CLEC4A,-0.0045135627,0.010450619,0.028526679,-0.06222073,-0.020449527,-0.012518365,-0.001735984,0.0083810445,-0.07614849,1.2014893e-07,-0.031692404,-0.016489062,-0.017188061,0.07919161,-0.0144786425,-0.044158176,0.024447992,-0.046169814,-0.004497245,0.061711065
CLEC4D,-0.021114882,-0.0013626778,-0.005951488,0.004158307,-0.016714087,0.004232092,0.019208305,0.002797301,0.014256473,-0.0016566637,0.013137771,-0.0062778513,0.018844636,0.002583541,-0.0067569134,-0.01027697,-0.0040087113,0.018855056,-0.012460117,0.013707687
CLEC4E,0.00020296768,-0.014682431,0.0060452283,-0.0021334116,-0.00062717154,-0.011040951,-0.05161763,0.0018800298,0.0007996327,0.00070971693,0.037108406,0.008142674,0.0043332316,-0.020343939,-0.0021999779,-0.026508084,0.004119003,0.053480934,0.023142198,-0.028048888
CLEC5A,-0.02301248,0.06358445,-2.2725308e-06,0.022543177,-0.020838207,-0.00011002919,-0.0013116276,-0.005722756,0.02032011,-0.020559065,0.01587619,-0.007956024,-0.011205972,-0.031087965,-0.014113022,-0.050813295,-0.03063709,0.02335392,0.008804357,0.0093777515
CLEC7A,-0.013562371,0.0019322973,0.006230421,0.027981203,-0.008593153,0.04477317,-0.017407758,0.0264754,-0.00680438,1.1516601e-06,-0.008477641,-0.03378094,0.012432119,0.029694041,0.0041507627,0.0141048925,-0.004491406,0.026615651,0.002760608,0.00030267422
CLOCK,-4.7769677e-06,-0.025502102,0.021412764,-0.02301715,0.021497099,-0.01705091,0.057694178,0.0027637503,0.031780902,0.033774827,-0.028115854,-1.8031714e-06,-0.020326009,-4.787203e-07,-0.026943842,-0.013894597,0.0018799811,-0.010696471,0.02927001,-0.004994449
CLU,0.028716816,-0.03535003,0.012324909,0.0018556716,0.011712229,0.010459309,-0.04898793,-0.0052214726,0.03539613,0.0006317449,-0.01996345,0.04015726,-0.013592128,0.0063326973,0.025388071,0.0038457888,0.0293992,-0.002435018,0.020631144,0.009695605
CMKLR1,0.025947258,0.043285932,-0.019720806,7.2645975e-08,-0.022610338,0.013892162,-0.011803074,0.0027666073,-0.0051124175,-0.0040347404,1.6391971e-07,-0.006206459,0.01951705,0.00020227798,0.010447023,-0.012202558,-0.040104307,0.011399484,0.0021512855,-0.012579798
CNTFR,0.011751355,0.028308278,-0.015568457,0.012605586,0.02050829,-0.012838397,-0.005764631,0.023757108,0.034128323,0.010793433,-0.03165321,-0.025862917,2.1635851e-06,-0.021291897,-0.0237488,-0.0002488757,-0.040274862,-0.017244842,-0.00028667564,-0.005997241
COL11A1,-0.018197943,0.01735473,0.018037178,-0.06636504,0.034197986,0.013798325,0.016068874,-0.027420878,-0.01443285,0.107788585,-0.04953785,0.076824084,0.010732463,0.0032229482,0.004652833,0.065600865,-0.03620565,0.10634483,-0.034170717,-0.014220945
COL12A1,0.006694438,0.006208535,0.025696082,0.010724266,0.00083112385,0.023453534,-0.030522835,0.02941275,0.008796465,-7.43014e-07,-0.05106231,0.017907605,0.020955607,-0.0004274209,0.025770348,0.04830367,-3.1797e-06,0.0733204,0.00032322816,0.03257346
COL14A1,0.0035876415,0.0100219855,0.0009770915,0.005509748,0.013872386,-0.021386383,0.0010459877,0.0062342435,0.025399007,-0.030800328,-0.023491176,0.00033966496,-0.0070203547,-0.00017977998,-0.010852258,0.021140372,0.014856032,0.0010859853,-0.017922387,-0.025425648
COL15A1,0.02303218,0.027805464,-0.027101919,-0.049150653,-0.0012464394,0.00016213191,0.013616941,0.03275789,0.01950309,0.004414907,-0.043241788,-0.017409809,-0.016283853,0.009729517,-0.031939317,-0.05434462,0.0027451343,-0.018779697,0.10234023,0.018149251
COL16A1,-0.008612587,0.01867432,0.056625057,0.045757413,-3.3790254e-06,0.00622775,0.010200066,-0.024591824,-0.056988526,-0.003961478,-0.05865178,-0.0107502965,-0.0001369364,0.04610058,0.01758813,-0.0012957065,-3.2163956e-05,-0.0046386514,-0.030537765,0.044230424
COL17A1,0.087824285,0.040562168,-0.0018968973,0.025692105,0.0065887254,0.10139707,0.0043172506,0.031165924,0.021725997,0.044705532,0.01722608,-0.05654544,-0.12726033,-0.0055736564,-0.02374591,0.095005475,0.004988388,0.0143287685,0.00580136,0.012581259
COL18A1,0.001255155,0.024875375,0.0026833743,0.014823242,7.6558956e-07,-0.012073386,-0.059910685,0.07097319,0.0459428,-0.004696126,-0.019133547,-0.09035608,-0.029058488,0.00965473,-0.0032805195,0.022961782,0.0629762,-0.048193455,0.012813008,0.010449681
COL1A1,0.046470333,0.2451631,0.108547635,-0.012017651,6.675717e-05,0.061362103,-0.03056266,-0.106220506,4.1856006e-06,0.030853562,-0.028000288,0.31512612,0.07038122,-0.0113184955,0.049948372,0.12088353,0.16672045,0.0080244765,-0.00090781733,0.0555394
COL1A2,0.07843726,0.12833966,0.07766089,0.012968476,-0.01684416,0.13076966,0.016381618,-0.04068692,0.004407196,-5.4052114e-05,-0.0038642655,0.14859644,0.11887234,0.0053596767,0.00019255238,-9.740477e-05,0.16140252,-0.06752876,0.040119775,0.010389601
COL21A1,-0.01066789,-4.052365e-06,0.004577472,-0.00944876,-0.01432563,0.017385302,0.0064091617,-0.0121782655,-0.039551284,-0.00030057225,-0.0013040744,-0.0032099336,-0.011380491,0.022734024,-0.026448684,-0.014224417,0.012980479,-0.039097663,-0.02553998,0.03315233
COL27A1,0.016638953,-0.017956281,-4.0654086e-07,0.019694764,0.008489237,0.010046502,-0.0055140764,8.568567e-08,0.030317126,0.0012635066,0.010272739,-0.017416561,-0.012860199,-0.0043822806,-0.030268557,-3.6034792e-06,-0.027772155,0.0036962917,0.038514063,-0.025508171
COL3A1,0.047720343,0.22663443,0.1046125,-0.0076780957,0.0752433,-0.0076167807,-0.012366889,-0.052513767,0.051553626,0.02001519,-0.02830259,0.23739451,0.04865787,-0.03821954,0.068676546,0.042343043,0.12084188,-0.01926451,0.011832445,-0.0039591603
COL4A1,-0.0183907,0.008809435,0.00320623,0.0005517387,-0.15012488,-0.0013721596,-0.025340514,0.079126716,0.15938722,-0.08740716,-0.051715728,-0.110590495,0.008205315,0.027773235,0.05786064,-0.025233094,0.18571787,-0.15595624,0.061203744,0.0042930176
COL4A2,-0.04542208,0.06895539,-0.039705098,0.04321053,-0.106737524,-0.014440104,-0.02430598,0.065088525,0.07986874,-0.07380628,0.0053270357,-0.087218754,0.034505416,-0.011060964,-0.015928064,0.04460658,0.10540554,-0.077053055,0.019885018,-2.9691018e-06
COL4A5,5.8406324e-05,-0.005347229,0.026218716,3.5160156e-05,0.0046547824,0.012474314,0.006284841,-0.0322816,0.0011548848,0.024062853,-0.013058613,0.011286431,-0.0075510405,-0.0053569423,-0.05305933,0.01385444,-0.009019881,-0.00097029214,-0.02168363,-0.002495781
COL5A1,-0.0067911604,0.04586918,0.006404292,0.007359314,-0.008964695,0.021372428,0.021636616,-0.01768548,-0.083525546,0.049234223,-0.03616174,0.007650951,-0.04542073,-0.009494975,-0.012616383,0.05127248,-0.04922738,0.021690954,0.0036061637,0.064366676
COL5A2,-0.023429282,0.022237297,0.016391978,0.030200861,-0.022557313,0.00020288235,0.0007033088,-0.0021845365,0.06634766,0.005367252,0.0009151111,-0.03760037,0.005033041,-0.018759668,0.02937798,-0.035068076,-0.012629496,0.024045134,-7.197626e-06,-0.050621055
COL5A3,-0.0055538225,0.02024912,-0.009133665,-0.009410938,-0.012985155,-0.045698196,-0.011177963,0.0073973252,0.023515988,-0.018280376,-0.001716217,-0.05571333,-6.4739907e-06,4.687082e-07,-0.0005112743,0.06343945,-0.010330252,-0.045050487,0.00086656684,-0.030034376
COL6A1,0.022949666,0.10902807,0.0043047243,0.0018517515,-0.0039150203,0.0047490615,0.024331413,0.031020824,-0.049483918,0.013356247,0.000897398,-0.060608268,0.04980768,-0.024071744,0.012344303,0.0013983344,0.08688157,0.008465394,-0.017740337,-0.059981365
COL6A2,0.016604036,0.0964541,-0.019850714,-0.019845663,-0.018136853,-0.00224692,0.12581283,0.026258444,-0.036114965,-0.039605305,0.051098064,0.041945405,0.009443809,-0.054752506,-0.034562536,0.060181223,0.077017985,-2.4962126e-06,-0.051328186,-0.08526811
COL6A3,0.0042288047,0.10673371,0.052602764,0.012317832,0.069909774,-0.07207071,-0.09493692,0.011333311,-0.016557911,-2.384351e-07,-0.007480519,-0.008978218,0.00818302,-0.014470128,0.038919553,-0.041726366,0.057448156,-0.012638888,0.056963965,0.021749413
COL8A1,0.017798267,-0.0124745695,0.049138702,-0.013059871,0.032353368,-0.015514852,-0.0076193195,-0.0204266,0.033232197,0.02424412,-0.03996042,0.056041118,0.025557505,0.006563633,-0.009801791,0.0067321486,-0.01848046,0.046160568,0.0062331585,0.011525052
COL9A2,-0.0375881,0.028628072,3.017623e-07,0.0112013165,-0.012697102,-6.108283e-05,0.023077523,0.019855225,-0.0074419333,-0.019493058,0.0077450834,-0.018515805,0.02267098,2.5768472e-06,-0.025598833,0.0076363073,-0.056441303,2.1421721e-07,0.0038225097,-0.00211771
COL9A3,0.007599168,0.0038970362,0.011705531,-0.014127718,-0.018370839,0.0022579147,-0.020148948,0.013939071,0.0009882813,-0.02175752,0.014710393,0.026043994,-0.024237927,0.007919367,-0.0233525,-3.8511313e-05,0.029985145,0.029591294,0.007639493,0.0027472267
COTL1,0.02324846,-0.02361119,-0.033830654,-0.023793105,-0.039101027,0.007474187,0.034393843,-0.027886473,-1.8104771e-06,-0.058417756,0.010577223,0.037575115,0.05202145,-0.021698263,0.0008409177,0.007361789,0.0009994223,0.030396044,0.05849097,0.0055319555
COX4I2,0.024281686,-0.007992847,-0.0052027274,0.019772166,0.034334537,0.0018485768,0.05372222,3.948992e-07,0.06574127,-1.4948762e-06,-0.02386304,1.6220159e-06,-0.024721785,-0.013537807,-0.01233987,0.016812455,0.009977634,-0.0042624567,-0.03242714,-0.035125922
CPA3,0.03120864,-0.030117247,-0.0059431507,-0.004746962,0.059884354,-0.045800738,0.0152985705,0.0001374489,-0.008426119,0.028927209,-0.01281247,0.036941588,-0.056925714,0.011548601,0.022901017,0.026717437,0.05589687,0.025514334,0.010391099,-0.05462584
CPB1,0.009788959,-0.0072023887,0.0018076558,0.015889915,0.025358696,0.021433085,-0.022077989,0.026459606,0.026064008,0.010760736,-0.006662047,-0.0054863323,6.510314e-07,0.0050588124,-0.03352698,0.05015932,-0.019307576,4.5721404e-06,0.008045537,0.035460796
CRIP1,0.040167317,0.005445914,-0.0014501592,-0.011204148,0.0013090573,-0.00584685,0.031775683,-6.443888e-06,-0.016836008,-0.0411361,-0.08588396,-0.028941961,-0.0054116216,0.037928153,-0.0035978763,-0.069077976,0.0809064,-0.052617162,0.1327849,-0.0012267699
CRP,-0.0017954226,-0.04501836,-0.026616756,-0.023110991,-0.010315542,-0.00086535,0.033477113,-0.015040295,0.049851272,0.011980483,0.008518671,0.0026887374,-0.0051079327,-0.01802186,-0.01438311,-0.018267931,0.00930316,0.02553526,0.0043240534,-0.030751768
CRYAB,1.4128797e-06,0.00016382181,-0.025645902,-0.05053953,-0.042541116,0.0011245257,-0.00598513,0.024390554,-0.009743761,0.0031687166,-0.033814494,-0.0021271266,0.04055977,-0.0002070717,-0.009649261,0.020509362,-0.01766396,0.03710146,-0.025608469,-0.019378241
CSF1,0.024088627,0.04149334,0.013252811,0.01678673,0.013906899,-0.008604239,-0.041208755,0.015624572,0.038421854,0.0015335763,-0.010922706,0.0059544076,-0.041913465,0.023620917,0.03301287,-0.06806159,0.020691704,0.01902628,0.06257261,-0.010989445
CSF1R,-3.7953097e-07,3.3249697e-07,0.0029775642,0.0034445024,-0.011457269,0.028281944,0.025634622,-0.006385175,-0.02924034,0.008906215,-0.018878007,0.020160306,-0.041056123,0.056372397,-0.032849137,-0.022394644,0.003135362,0.0025352587,0.006204194,0.050626025
CSF2,4.3122168e-07,0.040466227,-0.01566735,0.022511873,-0.010640322,0.0055199,-0.009004244,-0.025605062,0.009948529,0.009001263,-0.013359679,0.02651502,-7.415611e-06,-0.024871772,0.015402492,-0.030652102,-0.022303244,0.011491454,-0.042404853,-3.9260503e-06
CSF2RA,0.013776112,-0.0015794481,0.0010078432,-0.014031131,0.0066080494,0.005432001,-0.0004268582,0.004643792,0.0014748657,0.0069202604,0.004527233,-0.0035393087,0.026651558,-0.03076801,-0.019164925,-5.0852924e-07,-0.0074177487,0.014313556,-0.00080653647,0.019824011
CSF2RB,0.023489451,-0.00017049504,-0.016640812,-0.03405385,0.011918031,-0.026031857,-0.040807415,0.022997519,-0.031769447,0.005371904,-0.007740292,0.013119869,-0.010584761,0.024044894,-0.0033358887,0.049081918,0.026923548,-0.0072136023,0.006718721,0.014948957
CSF3,0.028006563,0.008084353,0.002922274,0.019621126,0.03180919,-0.02728929,-0.012817681,0.005976473,0.025064625,-0.040616333,-0.008499278,0.006252501,-0.07705318,0.010166076,-3.6699312e-06,0.01520873,0.023084411,-0.03938267,0.00935043,0.04350898
CSF3R,-0.017838582,0.0118360575,0.007938159,0.0032815144,-0.014117238,-0.0012049844,0.06386404,0.0053898185,0.0757394,-1.9596382e-06,-0.018176787,0.009191479,0.019871807,0.0335511,0.004303561,0.041939918,0.0035415532,0.02449453,-0.07654485,-0.0029042156
CSHL1,0.038669296,0.017724382,-0.005003221,-0.018704504,0.023250798,-0.00013382528,0.019283688,-0.023503674,0.038850617,-0.006733067,0.020822149,-0.00053790945,-0.0030327833,-0.029328033,-0.024292035,-0.0045428956,-0.016450575,-0.06616459,-0.0013128179,0.00014126518
CSK,-0.030148532,-0.02483536,0.008247619,0.017699245,-0.0037241536,-0.0134376865,0.0032485153,3.829311e-06,-0.0012486073,-0.022370996,-9.555774e-07,-0.00810373,0.045277953,-0.005110688,0.018232899,-0.002453844,-0.013722043,0.039892096,-0.007837155,-0.01381353
CSPG4,0.0062143756,-0.004790043,-0.03601758,0.030519055,-0.007127686,-0.014943804,-0.0050578145,-0.012576185,0.0012546193,0.008265963,-0.031420797,-0.0055717845,-0.053233277,-0.014064993,1.0729591e-06,0.0072681424,-0.003861776,-0.025772266,0.024326924,-0.04820353
CST7,-4.4984895e-07,-0.02245724,-0.0049482672,-0.007466663,0.00093167217,0.019378943,-0.02221207,0.016948467,0.01224931,0.0073244637,0.006296718,9.600909e-05,-0.0006136589,0.009318534,0.00014381006,-0.015420068,0.003854031,4.962388e-06,0.014628898,-0.011424499
CSTB,-0.054043442,-0.08490663,-0.050473735,0.01737273,-0.022392796,-0.05496116,-0.0018981999,0.0019116407,-0.00015749637,0.010137992,0.06285579,0.019670615,0.014941307,-0.07667126,-0.02968917,-0.025815,0.00973671,-0.02509411,-0.018444518,0.029146837
CTLA4,0.028777396,-0.00810721,0.015723411,-0.011731573,0.037308462,-3.6340138e-05,0.035889197,-2.8741954e-06,0.027760172,-0.015426196,-0.010416656,0.009020791,-3.0083427e-07,0.013498147,-7.1344334e-07,-0.0075893854,0.0032468832,-0.02815683,0.005456797,0.012284901
CTNNB1,-0.011115785,-0.0015078959,-0.018365595,0.024283085,-0.0418723,1.4347503e-06,-0.03570188,-0.020799778,-0.020670813,0.02676569,0.009313871,0.0017928035,-0.003206563,0.009994851,0.032296687,0.035126295,0.033153053,0.00942828,0.035992835,0.0062495824
CTSD,-0.046774577,0.0037798227,0.01116824,0.02505362,0.012076432,-0.0022909583,-0.028779758,3.6621311e-06,3.9248152e-06,0.08361208,0.09011931,0.007489816,-0.0015225175,-0.063612476,0.0045247013,0.031744678,0.008515304,-0.087682344,-0.010793106,-0.027227763
CTSG,0.028017115,0.0013468306,0.027207473,-0.017907495,-0.0023924701,-0.0024902967,0.010282135,-0.012663941,0.058744926,-0.0106177395,-0.008057103,0.02322476,-0.008188038,1.6764525e-07,0.0135552315,-0.022659725,0.0137870135,0.025693648,0.017659249,-0.0119920485
CTSW,0.0014877968,-0.008665854,0.013935243,3.110738e-07,-0.002068879,-0.012629644,-0.01801089,0.002012144,0.004231206,-0.017389152,-0.010090522,0.009158006,-0.027783807,0.015593786,-0.0023838638,-0.028114017,-8.441199e-05,0.017323134,0.00046291968,-0.006079176
CUZD1,-7.840411e-05,-0.03627397,-0.003047923,0.00038934784,0.036960207,-0.025898892,0.0020600273,0.011144487,0.0054822518,-0.017100606,6.2450614e-05,4.6824184e-06,-0.012153214,0.03744392,-0.011410603,-0.039484125,0.026544694,-0.0073514087,0.012911103,0.02035419
CX3CL1,-0.0024542902,-0.023021862,-0.010338106,-0.0059674075,1.4890927e-05,-0.018013319,0.018774578,-0.021433672,0.03994803,-0.032009963,0.023636928,0.0362391,0.010127861,-0.029256748,-0.04245825,-0.0061947415,-0.004213892,-0.029458534,-1.3860646e-05,-0.060065668
CX3CR1,0.015586987,0.018840458,-0.011881683,-0.033983454,-0.02432956,0.0029841717,-0.0010599458,0.0039390726,0.01412663,0.0039984016,-3.0418282e-06,0.018280752,-0.040893573,-0.000944328,-0.006376479,-0.021508964,0.04264705,0.023091154,0.00021360409,-0.032419544
CXCL1/2/3,0.034867488,0.049895123,-0.012426526,-0.010135584,0.018335136,0.018740274,-0.0893756,0.042475693,0.051722594,-0.002776867,0.008007476,-0.016848346,-0.10049918,0.025863817,0.025449162,-0.0014341456,-0.011146189,0.01761978,-0.022715436,0.03958295
CXCL10,-0.0057294224,0.06945203,-0.08530985,0.117918074,-0.0017045728,0.061493184,0.15464371,0.115075506,9.2612696e-05,0.12053999,-0.00442842,-0.022048125,6.41394e-05,0.22907363,-0.020300465,-0.004233342,-0.056253206,0.051713992,0.16656017,-0.164383
CXCL12,0.017269613,0.024743157,-0.045384318,-0.010071816,0.031559065,0.017607933,0.015694728,-0.011493521,0.034275323,-0.027108297,0.0067938487,0.011756586,0.0012193064,0.0050810315,0.03464136,-0.060380634,-0.01523589,-0.018589396,0.0021591424,-7.346385e-06
CXCL13,0.0133194635,-0.016193742,-0.020749211,-2.4690319e-06,0.0072087655,0.00621054,-0.0013477902,-0.010861617,0.014942052,0.021949843,-0.011937614,-0.00084532687,-0.010426712,-0.023361191,0.0390915,-0.023499815,-0.0006792445,-0.0019110708,0.0005873898,-0.02042245
CXCL14,0.14983125,0.0065753027,0.051026594,-0.030083653,-0.093961775,0.14291435,-0.14106832,-0.11717679,9.33238e-07,0.009152632,-0.011203091,0.0007243738,-0.20303458,-0.049547583,0.0005182514,0.11423297,-0.121530995,-0.17202449,-0.08587571,-0.08469693
CXCL16,0.001518217,-0.042557333,-0.011551585,0.008913666,0.021647938,-0.0057833907,0.0017167345,-0.0033359164,0.043378737,0.015217538,0.03237089,-0.011041511,-0.0013082155,0.028179282,0.013365081,0.041717242,-0.0223017,0.0017974561,0.011214959,0.02158531
CXCL17,-0.015866356,-0.020883638,0.01057554,0.010192737,-0.01080372,-0.006931486,-0.020891413,0.0004350683,0.016497277,0.0032567605,0.01901204,0.002833924,0.009682423,-0.0048479545,0.0064005144,-0.0024066884,-0.0037244488,-0.033997316,0.013670701,0.024427036
CXCL5,0.024964323,0.0136189405,0.0070984317,0.00903414,-0.011694067,-0.0026366194,-0.0100431675,0.008132967,0.045534715,0.0027978318,-0.029057086,-0.012004971,-0.02217391,0.044862553,7.094872e-05,0.021110171,0.002380295,0.0009815292,-0.016583377,0.030899707
CXCL8,0.02865874,-0.021276273,-0.042134836,0.07682201,-0.023129078,0.0036080808,-0.031760383,-0.05784641,0.14563604,-0.015797148,0.020214105,5.6959166e-06,-0.12713134,0.008554677,-0.019888883,-0.07872648,0.016096668,0.02638138,-0.019277874,0.06578306
CXCL9,0.0073986957,-0.023493629,-0.025213314,0.014371874,0.023790415,-0.0078034955,-1.7547629e-06,0.030571844,0.00095187017,0.014322247,-0.004472331,-0.04324461,0.06574644,0.067590885,0.042195823,0.010396987,-0.04881972,0.0052784346,0.02226707,-0.06267432
CXCR1,2.4820858e-07,0.021003857,-6.069846e-05,0.031560343,0.025632791,-0.0035889295,-0.04146159,0.0070012207,-0.017050263,-0.0250588,-0.000882214,-0.035600703,0.017249392,0.009921086,0.0015638296,-8.137865e-08,0.0031868587,0.0063843587,-0.01992043,0.003217307
CXCR2,-0.036046106,0.0117071755,2.2073352e-06,0.0070770183,-0.0008471309,-0.044726454,-0.020052722,0.035352502,-0.024164744,0.012924389,-0.0030962916,-0.039396692,-0.0030384746,-0.000109677254,0.0018996467,-0.0146656,-0.010047296,0.0337465,0.004663225,-0.043013766
CXCR3,1.9353752e-06,0.018241387,-0.0090920795,-0.032138273,-0.009401848,0.03450501,0.0021924106,0.018076478,-1.1269641e-06,0.008445415,0.019484198,-0.006053945,0.0042848736,0.043367542,-4.3603868e-05,-0.035334334,0.013571817,0.021342926,0.01949879,-0.01126855
CXCR4,0.00071021746,0.04549355,-0.01932209,-0.010050443,-0.0017139179,-0.0044475696,0.00024027306,0.024279265,0.025601756,-0.01962459,0.0067213844,0.016898327,-0.017803848,0.0064132395,-0.01258966,-0.013126124,0.0003540855,-0.010984954,0.015301631,-0.014859989
CXCR5,-0.021335857,0.00689641,-0.007996417,-0.009789596,-0.024366377,0.026288716,-0.000221781,-0.020125028,0.040768456,-0.0069413725,0.020092834,0.02045637,-0.012951344,-0.007278279,-0.02648802,-0.010622374,-0.017511386,0.0073405015,-0.029212024,9.4484125e-07
CXCR6,-0.0011870732,0.005614529,0.034984898,-0.03553399,0.014624309,-0.021449663,-0.033695534,0.0029934351,0.020327533,-0.03557015,0.018117312,-0.0070355143,0.03523241,-0.017361041,0.0001646806,-2.6241414e-06,-0.0199107,-0.0019505799,-0.013897287,-0.008379498
CYP1B1,0.008954187,0.0019165963,-0.0055326363,0.018871188,-0.008111729,-0.00025636627,-0.013917744,-0.0051692096,0.06629783,-0.00043098818,-0.0043976367,-0.01530541,0.0034172891,-0.012962066,-0.006288177,-0.0021799698,-0.019529857,-0.014351471,0.014009565,5.6997817e-07
CYP2U1,-0.00426483,1.4408201e-06,-0.0033410934,0.010870342,-0.031326003,0.027651595,0.019967537,-0.022609167,-0.0134052,-0.014454041,-0.0458971,0.02572751,0.041530646,-0.025495587,-0.037747305,0.020082125,-0.0013253383,0.015327364,-0.0048999237,0.004432177
CYSTM1,-0.027185297,0.003307222,0.00040471353,-0.04355036,0.0060996474,0.0016237593,0.025895659,0.025923163,0.00263637,0.01796563,0.005334006,-0.013704769,-0.027570946,0.032590378,0.0052571767,0.04229148,0.01073656,-0.008113698,0.013170404,0.040300455
CYTOR,0.034169283,0.019970847,1.1697946e-06,0.0028010535,-0.00031635613,0.010111054,-0.02876242,-0.006527112,-0.0046830927,0.019045986,0.008410058,-0.00027170326,0.0041362974,-0.024394538,-0.009786464,0.025085181,-0.010579793,-0.0044220868,0.024749218,0.05758027
DCN,-0.0072306944,0.04265362,0.023345074,-0.06044113,0.0074052974,0.06741046,-0.004252945,-0.029366229,0.027674641,-0.012550418,0.12476773,0.075418614,-0.00062979123,0.037479308,0.040745646,-0.029889083,0.054712832,0.045937825,-0.059979007,0.003015975
DDC,0.00086738984,-0.0239063,0.022665888,0.020224929,0.053009287,-0.029741995,-0.019279307,-0.016061693,0.04107178,-0.03589693,-2.8862909e-05,-0.008172404,-0.011199543,-0.02991836,0.00014606774,-0.016870389,-0.0042190463,-0.00010072237,-0.024987124,-1.7788534e-07
DDIT3,0.03364846,-0.029554572,0.0076066526,-7.2850876e-06,0.007238952,0.008163896,-8.7761435e-07,-0.018940657,-0.0023991098,-0.021594899,-0.018464206,0.03322905,-0.000100731515,0.019896813,0.013622192,0.0014946196,0.018373702,-0.0074560274,-0.030610817,0.00601119
DDR1,0.035028942,-0.031442486,-0.022474064,0.0155114345,-0.0035678926,0.008985514,-1.3244548e-06,-0.00041713647,0.0022177089,-0.006116806,0.004059509,-0.009154496,-0.0031856792,-0.010892428,-0.019254409,-1.2843624e-06,0.006273285,0.021474864,-0.04373159,-0.10866149
DDR2,-0.018814506,-0.025395116,-0.0024139232,-0.09727816,-0.016496066,-4.789486e-07,0.047586296,0.011237494,0.024938906,0.012311804,0.019708887,0.0074843834,0.0034941612,0.019024264,-0.0018271707,0.029202174,0.057556797,0.00584237,-0.043023378,-0.009530993
DDX58,-0.02384549,0.020098947,-4.1315357e-06,0.0780368,-0.009780798,-0.010352288,0.0087024225,0.007410477,0.00044141506,-0.018034715,-8.889687e-05,0.00706661,0.039214194,0.069656886,0.024833696,0.008265019,0.004803359,0.031824045,-0.02944839,-0.019250251
DHRS2,-0.025824292,0.020580828,0.029348157,0.04684613,-0.0028205137,0.0078038364,-0.035923973,0.0135439215,2.4790882e-06,0.0034607642,-0.018242912,-0.000645187,-0.0075796717,0.045586664,0.014195364,-0.032343358,0.006046027,0.024701187,0.0150086405,-0.0020514883
DLL1,0.003374321,-0.035109304,0.028523482,-0.0073219193,0.012911687,-0.011429996,-0.019154977,0.0028291994,0.013083869,-0.01983955,0.049252726,-0.0071192537,-0.013403367,0.016323164,0.005198177,0.0037088948,0.015196621,0.025993243,1.2173935e-05,1.196535e-06
DLL4,-0.010932842,-0.021859054,0.02462661,-0.014112609,0.026681565,0.00050174445,0.01298372,0.019744268,0.038711946,-0.004535434,-0.04868213,-0.012572628,-0.002378745,-0.0073506185,-0.0057387557,0.007348967,3.2542093e-06,-0.028265718,-0.0075307293,0.03993728
DMBT1,-0.0049788835,0.011099988,-0.003080923,0.0022319097,0.017388972,-0.009405869,0.0024135944,0.007985,-0.00946999,-0.0007520121,-0.00090871315,-0.014328178,0.026241342,0.008809144,0.0035396335,-9.669041e-05,0.010723137,0.016061552,-0.044159338,0.01044319
DNMT1,0.013082109,0.017922863,-0.0072279475,-0.04184702,-0.01938417,-0.0041320864,0.01619179,-0.0064415657,0.0064860405,0.018645389,0.008157969,0.022175085,-0.004889388,-0.0025984903,0.03968413,0.015171886,-0.012241809,0.014375967,-0.0035840024,0.008819322
DNMT3A,-0.044034142,0.012014658,0.010295261,0.0009503407,-0.0013137535,8.6761265e-06,-0.009526662,-0.0054797037,-0.029037116,0.038837608,2.8677946e-06,-0.009443859,0.012800047,0.02512418,0.0022219997,-0.0027145664,0.0006394647,0.018989015,-0.0013104634,0.02056997
DPP4,0.024322523,-0.0035492366,-1.2984161e-05,-0.006266465,0.0065598674,0.00021811464,-0.03382092,-2.1076812e-06,-0.0011568877,0.02903162,0.0073136673,-0.012828344,-0.03687942,-0.01826272,-0.00033978623,0.018194096,-0.004541122,0.025616622,0.032098748,0.02947343
DPT,0.0014181,-0.015567528,-0.0032369706,-0.005615384,-0.004380775,0.006663385,-0.009631055,0.012964849,-0.024138357,-0.042941056,-6.374054e-05,-0.0038017388,-0.00035474624,0.009182445,-0.01815252,0.011572531,0.013445,0.02098396,0.0038240368,-0.007880041
DST,0.02049348,-0.00971461,0.003979466,-0.025286715,0.00699383,0.019828832,1.3319061e-06,-3.3920348e-06,-0.038069822,0.011156744,2.9052906e-05,0.004967588,-0.022815544,-0.021785632,0.013452249,0.05877898,-0.022735504,-0.018328775,-0.055033486,-0.004737144
DUSP1,-0.028054794,-0.005411035,-0.0137145445,0.007021414,4.7034393e-07,0.00042190135,0.007864932,-0.007480931,0.007998612,-0.026025128,-0.025217475,-0.016405642,0.037577122,-0.010912373,-0.007033774,6.0259786e-06,0.012237344,0.00647199,-0.055928394,-0.0032763053
DUSP2,0.015457088,-0.03606608,3.795313e-07,-0.036530018,0.019781819,0.019353438,-0.0030007975,0.0072158277,2.0606677e-07,-0.036159024,0.022303395,0.004463156,0.01874713,0.0021444715,-0.013579319,2.438938e-05,-0.025495406,-0.026341861,-0.014487278,0.054126598
DUSP4,-0.024800964,-0.025030913,-0.0020683515,0.015271569,-1.6578459e-06,-0.020931471,-0.035310846,-0.006286471,0.022022856,-0.009097202,-0.017573671,-0.0093545765,0.00013529533,-0.01263573,0.008560787,5.718626e-07,-0.01610724,0.05110955,0.039968837,-0.008025277
DUSP5,-0.02072013,-0.028946778,2.3842947e-06,-0.009025115,-1.9745132e-06,-0.0029191538,1.0133663e-06,3.6192882e-06,-0.0020722721,-0.0010923703,0.02151117,-0.02926019,0.027146319,0.017424943,-0.0071604624,0.0320694,-0.0037481284,-0.009175623,-0.013906189,0.024488196
DUSP6,-1.6835225e-05,0.010711346,0.005270409,0.033179406,-3.928536e-06,0.002968337,0.011927039,0.00017541533,-0.0042088134,-0.005671539,0.0013535196,-0.037796892,0.031344842,-0.0013147077,-0.00028222086,0.01212056,-0.0052863187,0.011313968,-0.0020822873,0.038166486
EFNA1,-0.008222501,-0.031551387,0.0019008081,3.1705777e-06,-0.025647707,0.05514049,-0.03641381,0.001910806,2.5915517e-06,-0.013601544,-0.0025908703,-0.004265381,-0.009522423,0.01739602,-0.012208781,-0.06935425,0.034385785,0.019798744,-2.9245011e-06,-0.018462852
EFNA4,0.00021911463,-0.00032595728,-0.0004593083,-0.027613524,3.995595e-07,0.00469166,-0.04380504,0.013884732,-0.011369367,-0.007930906,0.00043804655,0.016189069,-0.019872291,0.029348187,-0.009011668,0.0100950245,-0.01223365,0.0016391344,0.021777857,0.011963318
EFNA5,-0.028235776,0.0010789671,0.016080776,-0.034495443,-0.009772225,0.01596371,-0.025671277,-0.009946918,0.0022305888,0.022446532,0.021743052,-0.02622165,-0.0076231775,0.031482767,0.04102528,-0.025239907,0.028619446,0.03863097,0.006843072,-0.00345592
EFNB1,-0.028036635,-0.0039707473,0.012484743,0.00043752434,-0.0004299721,0.013860778,6.0832248e-05,-0.06622341,-0.044581603,0.032276865,-0.004143815,-0.027621122,3.3399124e-06,-0.0060239364,-0.01352426,-0.02664672,-0.016443333,-0.028013136,-0.03429733,0.050374787
EFNB2,0.015432888,-0.0048799287,-0.0034817501,-0.0014435546,0.003740518,-0.007084393,-0.032582335,-0.0044378173,0.011918778,-0.0011247682,-0.021262428,0.0033215077,-0.042025283,0.022797095,-0.018394347,-0.022856778,0.051873833,-0.024201913,-0.009558666,0.013788203
EGF,-0.01738373,0.013174843,-0.015680522,0.013027351,0.033626366,-0.023251167,-0.00023050916,-0.016506357,-0.019609474,-0.0040953443,0.047009967,0.034235317,-0.03202633,-0.0003099556,-0.0046067555,-0.016937098,0.0030077863,0.005220707,-0.014358724,2.225895e-06
EGFR,0.023374747,0.0003539132,-0.005489801,0.0043865894,-0.031638183,-5.7874317e-06,0.07722031,-0.013785642,-0.06140282,0.027616434,-0.016848652,-3.1024606e-06,-0.025856541,0.037157334,-0.02533056,-0.038565323,-0.0036147535,0.04156136,-0.015354129,-0.036746062
EIF5A/L1,0.04169306,-0.03659363,0.0026730516,-0.0732382,-0.025915083,-0.026844202,-0.042277195,0.014995879,-0.050086174,-0.03652168,-0.020991134,0.014275109,0.01263057,-0.012009369,0.053132616,0.013389196,-0.0028025897,0.04975811,0.05917173,-0.0021276483
ELANE,0.012236354,0.012574688,-0.011849995,0.00036433633,-0.0039580255,0.008627749,0.0039493316,-0.03524482,-0.014110022,-0.02416675,-0.012868102,0.024305938,-0.010116583,0.0044538546,-0.009314132,-0.046573725,-0.034178678,-0.031575516,-0.0053348807,-0.026792068
EMP3,-0.02084996,-0.01646643,0.00042742022,0.005555547,0.010775036,0.009472885,0.059310805,-0.0110143395,-0.0070781726,-0.0155364955,4.3021937e-06,-0.0039820196,0.017154248,0.0075583034,0.0052814586,-0.028355107,-0.008571802,0.06442387,0.006159223,3.2783058e-07
ENG,0.005185678,0.04318917,0.0011896718,-0.020521656,-0.047507368,-0.005601102,0.046359777,-0.0082413545,0.04649045,-0.030713664,0.0037806795,0.015688272,-0.009646032,-0.019066246,-0.0099261375,0.01171407,0.0026137617,-0.039829828,0.005829325,-0.014439191
ENO1,0.009216355,0.0020781935,0.026561039,0.016447585,0.025551364,0.007332126,0.09220073,-0.016703408,-0.04438737,-1.1931068e-06,0.042333968,-0.062334944,0.023917088,-0.030233128,0.019036934,-0.029218933,0.0009900057,0.05071308,0.0079794545,-0.02327051
ENTPD1,0.0071799937,0.03759389,0.009605152,-1.3616464e-06,-0.022991534,0.0022303332,-1.2238634e-06,0.00040922637,-0.006653238,0.003340483,-0.027725797,-0.026691021,-0.0013132654,0.008259752,-0.012288793,-0.028347129,-0.0028224017,0.0045593674,0.020979645,-0.0024046334
EOMES,0.026394106,0.011080726,0.018180873,-0.0020686383,0.01403652,-0.020515308,-0.010260378,-0.0018658915,-0.007093531,-0.023067066,-0.027821584,0.023710752,0.015732652,0.0045477753,0.008269048,-0.03124306,-0.033557586,-8.484864e-07,0.004148717,0.02432083
EPCAM,0.020639954,0.007945288,0.010321079,7.525378e-07,0.03243391,-0.028967625,0.031637218,-0.00067469734,0.01004711,0.0012156063,-0.014133822,-0.009035031,-0.001480412,0.00057688967,-0.00020554804,-0.034833487,1.0743362e-05,-0.037315942,0.01042629,-0.018214297
EPHA2,-0.024354659,0.0014212101,-0.010394823,0.0022569522,0.013404781,-0.02644192,0.027466193,-0.016410911,-0.013463794,-0.019225074,-0.016779138,0.025466619,-0.0027707468,0.004204695,-0.00026954606,-0.0053095184,0.0052789305,0.0363036,-0.045766544,-0.015825603
EPHA3,0.0012458395,0.041753724,0.009718964,0.013905521,-0.00035801835,0.006920064,-0.003254141,0.0079481,0.03649594,-0.010606725,-0.011954634,-0.022301547,0.021713035,0.0037459384,0.009337839,-0.026698941,-0.040840972,3.4330635e-06,-0.016327038,-0.02982089
EPHA4,-0.028585054,-0.018117825,0.008968094,-0.03386409,-0.016348615,-0.008475,0.0002325281,0.008272356,-0.019489903,0.00723035,0.041425634,0.035224803,3.4789085e-05,0.026245594,-0.0043800473,0.04447658,0.0023389608,0.037830237,-0.0055143205,0.0027999263
EPHA7,-0.028185926,0.0320531,0.008597262,-0.0070414105,-0.0291848,0.006551643,0.008585545,0.011837537,0.017079102,0.042408366,3.6267236e-06,-0.042610805,0.014105456,0.015766397,-0.0139676165,-0.009670994,-0.015753375,0.028225787,1.5562491e-05,-0.021076607
EPHB2,-0.033655807,-0.0007569284,0.013164686,-0.047364186,0.025959611,-0.014402445,-0.0022663304,-0.010856571,0.0051158485,0.037558336,0.03302798,-0.007217727,0.0017790332,0.003434238,-0.017376006,0.038285512,-0.053662643,-1.2088719e-06,0.02006086,-0.007904176
EPHB3,0.015106774,-0.0063138185,0.011624055,-0.011782862,-4.343929e-06,-0.00045797825,0.004680837,-0.008892717,-0.0045101186,0.0003630756,-0.008360133,-0.008672065,0.018512726,0.006688118,0.003753614,-0.03805051,-0.013671202,0.0028274623,-0.025309788,0.00040545096
EPHB4,0.012280815,-0.0016674527,0.0015006881,-0.0060671587,-0.0019962136,0.01749535,-0.006741183,-0.015304275,0.029971244,-6.249607e-07,0.025879558,0.023474146,-0.042377137,0.004919956,0.008220068,0.024638537,-0.02159959,0.021574754,-0.011968669,-0.0048476593
EPHB6,-0.011647164,-4.183175e-05,0.02450744,-0.035836596,6.183393e-06,0.0034472398,0.000260858,-0.0030046874,0.0174897,0.026443683,0.0071816486,0.021107737,-2.4513802e-06,0.022407446,-2.0660518e-05,-0.02090525,-0.011925957,-0.00092628103,-0.013674383,0.038972966
EPOR,-0.014896028,0.0052496837,-0.0072728926,-0.014922907,-0.0069723115,-0.0018967055,0.01115443,0.00062717346,0.00632772,-0.036095474,0.03773562,-0.011538668,-0.03248118,0.029695839,-0.0044224127,0.002653192,-0.011573448,-0.0020603978,-0.034921292,-0.013041156
ERBB2,0.00014940015,0.0074240575,-0.007091043,-0.029054279,-0.0024760105,-0.0018673734,-0.044146318,-0.004347306,-0.07634256,-0.002855288,-0.009863664,0.027930347,-0.005180563,0.003434296,-0.023370568,-0.013775541,-0.020151839,0.004404193,0.00041843092,0.01347945
ERBB3,-0.01705844,-0.010470095,0.006687509,0.024985634,-0.0013454016,0.0052542062,-0.0126471035,-0.012184322,0.016687242,-0.009876066,-0.007054607,0.012606288,-0.0056177056,2.760093e-06,-0.01668308,-0.02902078,0.028650096,4.2316013e-05,-0.03838523,-0.0049931537
ESAM,0.009145112,0.009267669,-0.009457635,-0.018124428,-0.018851653,-0.013346508,-0.0028806205,0.004379019,0.035200484,-0.004102559,-0.0029728636,3.7586249e-06,-0.009455684,0.009300692,0.010807436,-0.01232525,0.015427945,0.013386841,-2.3545028e-06,-0.031361077
ESR1,-0.04164148,1.5970565e-05,0.019755894,0.025555775,0.037091576,0.00017948117,0.027093688,-0.015251519,0.041366175,0.033692926,-0.008970501,0.012220971,3.4554027e-06,0.0029391665,4.9406764e-05,-0.03753454,-0.0033795515,0.0116396835,-0.0077675683,0.016698549
ETS1,0.003540028,0.02452841,-0.036347635,-0.024032403,-0.038587097,0.009055366,-0.033703618,0.02043794,0.022360522,-0.009440606,-0.007699404,-0.037224334,-0.05086373,-0.0050359247,-0.0030174628,0.044611312,0.00011790688,-0.027780455,0.018842818,0.0075449906
ETV4,0.03320834,0.010899315,0.0016754755,-0.061010737,0.013292807,0.008912241,0.024170894,-0.007036833,-0.051444236,-0.00023584047,-0.00993041,0.009465894,-0.026569573,0.042991098,-0.0077790497,0.0024713622,-0.017328566,1.6518009e-06,-0.02424793,0.0008426866
ETV5,0.017229347,0.0022351237,0.0049071056,0.021540655,0.014150521,0.021865286,-0.007394594,2.9887535e-05,0.008806872,-0.015672624,0.0122312615,-0.042684156,0.0036893215,-0.009489156,0.01743869,0.018012898,-8.536106e-05,-0.00015978042,-0.065877214,-0.004993912
EZH2,-0.013209289,-5.9691123e-05,0.008329231,0.018970981,7.531138e-05,0.005464771,-0.0014163275,-0.04494603,0.01208796,0.0072052833,0.024903757,0.0065131537,0.018528957,-0.03474134,-0.011990673,-0.04902052,-0.035369843,6.7864945e-05,-0.00070345524,-0.021339145
EZR,-0.010869606,-0.04509749,-0.044714358,-0.0217719,0.006275042,-0.00627427,0.03457421,8.902555e-05,2.067653e-07,3.414127e-05,0.02382514,0.007989074,0.0023439894,-0.027594501,-0.031994108,0.00664913,0.005067147,-0.008099459,-0.07251795,-0.006940676
FABP4,0.014139116,-0.04128582,-0.0012360531,0.010194046,-0.026010497,-0.0013412245,0.004487408,-0.010632785,0.049167395,-0.0021913375,-0.020608906,0.031187698,0.007293182,0.023136623,0.025140345,0.045030307,-0.016122384,-0.0029073968,-0.08238613,0.0062177363
FABP5,0.024054803,-0.06781987,0.0022078864,0.040149126,-0.00321065,-0.025921581,0.00023120632,0.016397031,-0.027318975,0.10127352,-0.02160818,0.04851907,0.08367353,0.015210531,0.03771781,-0.037942644,-0.00035323226,-0.097790465,-0.07201808,-0.028407544
FAM30A,-4.5823126e-07,0.04089291,-0.0048610955,-5.27149e-07,-0.01831077,-0.031218087,-0.028393771,3.6913527e-05,-0.05144879,-0.010489019,-0.002847712,0.014800774,-0.0027315645,-0.031058442,-0.03251492,-0.057121664,-0.0029419675,0.04240781,-0.02330527,-0.05462909
FAP,0.0077428636,-0.0063972943,6.740103e-05,-0.0364634,0.00013170748,-0.011662935,-0.030027833,0.015815847,-0.019773848,-0.027490161,0.011310637,-2.322887e-06,0.0364408,0.00013661366,-0.009948339,-0.012335909,0.06174989,0.026620315,-0.004704589,-0.02109394
FAS,-0.017929953,0.039243165,0.006207892,-0.00736195,-0.028338581,0.01816038,0.025956245,-0.01065588,0.041407775,-0.0020254138,-0.006409128,0.011735005,0.027812501,-0.01637438,-0.0017961168,-0.023117946,-0.0048573576,0.0012232901,1.0347519e-06,0.0397491
FASLG,0.025692478,-0.022201095,-0.010995279,-0.010623791,0.0018313433,-0.009227802,-0.045716606,-0.039389472,-0.05365494,-0.025121672,0.0014647697,0.01743792,-0.0041041654,0.004610349,0.014767154,-0.04664097,-0.009618163,-0.02536448,0.006755298,-0.018585073
FASN,-0.0037399307,-0.0018579263,0.006420164,0.0048886063,0.010166893,-0.02049294,-0.05542168,-0.01771438,-0.05488351,-8.469102e-05,0.023653677,0.0020343857,-0.058968335,-0.022900317,0.00683539,-0.008823547,0.0018346756,0.013633361,0.008485176,-0.09288598
FAU,0.012814542,-0.03956371,-0.03734783,-0.0022023728,0.03356317,-0.06373632,6.0049406e-05,-0.035436016,-0.0814083,-0.026039636,-0.0019023595,0.007691438,0.006233804,-0.058512233,0.021207692,0.042891733,-0.024272267,-0.051016368,0.0370064,-0.016441148
FCER1G,0.009063672,-0.013252063,0.0009449756,0.03952809,-3.0151841e-05,-0.009041394,0.054513026,-0.04466317,0.042305365,0.012052035,0.010268125,0.023533847,-9.741256e-05,-0.025058681,-0.002822609,0.002011332,2.5859508e-06,-0.001394839,-0.00017025766,0.021857144
FCGBP,0.008439527,-0.0006522724,0.021678703,-0.009891692,0.014951946,0.017196834,-0.011459841,0.008731374,0.031058492,0.016139423,-0.0247487,0.027504405,0.001936892,0.025887892,0.01063279,-0.006592775,-0.02179098,0.024666253,-0.0018562629,-0.039857697
FCGR3A/B,0.04047391,0.0020287046,0.02631788,0.00653216,0.01217281,-0.011363448,-0.014990856,-0.008400601,-0.012547105,-0.008999828,-0.033656288,0.006868257,-0.03534821,0.00080636813,-0.009360294,-0.027267762,0.020197464,0.011479978,-0.0009600281,0.014020488
FCRLA,-0.0016585327,-0.011172047,-0.014403413,0.03225675,-0.0014630533,0.00021695372,-0.0031553581,0.021588473,0.0061566206,-0.016751189,0.022337336,-0.0061544087,4.321582e-07,-2.0024295e-07,-1.5919752e-06,-0.0011349558,-0.008327821,0.012065563,0.005486081,-0.020473046
FES,-2.168216e-06,-0.014160796,0.00086624915,0.02764057,0.024321249,-0.01931169,-0.033778578,-0.0071873046,8.693457e-06,-0.0045911623,-0.022634566,0.0090199495,-0.0012377336,0.022518665,0.0066368063,0.0041851066,-2.0385378e-06,0.031144999,0.008487318,0.012031814
FFAR2,-0.009624875,0.006904414,-0.005090236,0.0040321792,0.0040808865,-0.030694453,-0.012047894,-0.0114944065,0.023659864,0.00014138129,0.0111538535,0.022645408,-0.024747552,-0.013452759,0.021627832,-0.0025863608,0.003397079,-0.001122643,-1.9703128e-05,0.03041716
FFAR3,-0.026313119,0.014040455,0.008691205,-0.009677433,-0.009307058,0.002578015,-0.009236188,-0.020377316,0.017424017,0.017217787,0.06410048,0.0012163311,0.0012622838,-0.018883243,0.011702347,0.003643004,0.009085494,0.0014320851,-0.019061076,-0.022421561
FFAR4,0.0012383811,-0.005442543,0.03507915,0.0008987321,-0.025248973,0.009440896,-1.1474883e-06,-0.0059104385,0.03454378,-0.033964045,-0.0070902277,-0.0023250673,0.052333012,-8.521967e-07,-0.0075149983,-0.01614758,-0.046237085,0.011420416,-0.027271872,0.023742827
FGF1,1.16048e-06,0.0340396,0.014183373,0.017991683,0.0058626407,0.019089919,-0.039438844,-0.0021665548,0.02401932,-0.017028628,-0.0058795707,-0.008922561,-0.016834794,-0.013977528,0.013183891,-0.01814211,-0.014645525,-0.016983122,-0.0010900436,0.00073666696
FGF12,-0.004380678,0.01619695,-0.0051310095,0.032497857,0.002403656,-0.0039338395,-0.0043325787,0.0016199305,0.017926164,-0.0047414955,0.029561576,-0.010910001,-0.038146496,-0.008274472,0.01904602,-0.006941276,-0.0033017371,0.0365601,-0.037588555,8.9961316e-07
FGF13,0.00060191844,-0.06957012,-0.0053428076,0.0011576178,0.018265063,-0.0060646883,0.008782231,-0.0075334227,0.032293495,-0.007921514,-0.009910306,-0.0069318786,0.021436218,0.016947404,-0.010250193,-0.0010858283,0.01959629,-0.001055519,-0.05130833,0.018713148
FGF18,-0.0026027234,0.019728478,0.0053339074,1.1045913e-06,-0.031696133,0.0053791087,0.010914935,-0.014798948,-0.00037243275,0.002712498,0.018872002,-0.02501019,0.033678386,0.017691476,-0.025803812,-0.034362648,-0.0114698075,0.007861079,-0.016319621,0.003118437
FGF2,0.028036835,-0.010182722,-0.011719141,0.026456125,0.016808007,-0.01674498,-0.0021315517,-0.024652481,-0.0024573377,-0.02356088,-0.001377138,0.0066078478,0.011026406,-0.004769206,0.02527785,-0.004481845,0.0040945574,5.0816047e-06,-0.044264797,-0.033954546
FGF7,0.008975094,-0.0051576155,0.0116545465,-0.014224086,-0.038283817,0.033822324,-0.0040277573,-0.017622286,-4.904622e-06,0.009132986,-0.0069759525,-0.013543322,0.0035796452,0.007209914,0.022871165,-0.02137651,0.01457032,0.027413461,-0.005159119,-0.0020176808
FGF9,0.0025003853,0.03360066,0.025366921,-8.979229e-05,-0.0015870293,0.0070886873,0.0013357789,0.0018813369,0.008884455,-6.1806845e-06,0.034985982,-0.0033142746,0.004374216,0.013448379,0.0034494346,-0.020527914,-0.017000856,0.01575784,-0.0144843925,-0.0054163
FGFR1,-0.002538101,0.008076411,-0.0140230665,0.0020692837,0.026751116,-0.02922744,0.03231767,0.009501826,-0.0069566206,0.013401133,0.01046103,-0.0035156875,0.025240561,-0.029344466,-0.00021989609,-0.015385075,-0.006501451,-0.0034125634,0.006318778,0.02677397
FGFR2,0.018687561,0.012634373,0.0066214674,-0.0137599595,-1.5404463e-05,-0.015538424,-0.007242909,-0.0006174465,-0.0061571905,0.013757976,0.067552835,-0.0017976519,-0.00053526706,-0.0016121988,-0.002652679,0.0003280144,-0.014366952,-0.021013122,-0.00378926,-0.016892577
FGFR3,-4.47148e-06,-0.004725098,0.008048204,-0.04089657,0.006516605,0.015729051,0.002667452,-0.059420723,-0.05923552,0.026199387,0.01884341,-1.0144701e-05,-0.025445992,0.017854868,-0.01622632,-0.0068461606,-0.026910411,-0.030750804,-0.042868033,0.003412761
FGG,-0.0030723603,0.00023444109,-0.005774439,-0.014870592,-0.060020324,0.029670782,0.007553097,0.0107456725,0.0070008133,-0.021055186,-0.046516437,-0.006747683,0.00030204878,-0.0030778602,-0.028306413,-0.01354168,0.011386913,-0.00020347467,-0.006907209,-0.03912897
FGR,0.022985367,0.021694543,-0.013721369,-2.637049e-05,0.011764946,0.026588898,0.04281621,-0.014950963,0.062195078,0.031234179,-0.007424504,0.040329203,-0.00054369366,-0.004380051,-0.005737538,0.015999978,-0.030199965,-1.7658948e-06,0.009722054,0.007911706
FHIT,0.019727036,-0.012333199,0.003205103,-0.010348307,-0.014234817,0.0048294966,0.0031059985,0.015027208,0.035826914,-0.021127278,-0.03293155,-0.024979787,0.016320838,0.002226079,-0.010156006,-0.024455268,0.007561637,-0.032026585,-0.00038191845,0.018202225
FKBP11,-0.011120106,0.00031070676,-0.0005591921,1.1949331e-06,0.009067896,-0.005207663,0.04394956,0.02379573,-0.005146855,-0.0066173663,-0.02777166,0.02663982,-0.008025824,0.004460735,0.017739851,0.02341928,8.861993e-06,-0.0022401428,0.0045767,0.019288233
FKBP5,0.0005151274,-0.00881804,0.008613899,-0.008640079,0.03618011,0.004836544,0.010836813,-0.001002039,0.021997504,0.023841083,-0.004679712,-0.031225856,-0.034382757,-0.0019416919,0.015582412,0.014079067,-0.0136515945,-0.010967477,-0.059805308,-0.012232802
FLT1,-3.1154136e-06,0.022170546,0.0028405434,-0.0034204891,0.0038610385,-0.026141899,0.013838675,-0.026800537,0.01946037,-1.5777696e-06,0.011688196,0.019227637,0.010325964,0.0073511456,-0.007382296,0.019041011,0.023232844,-0.03236101,-0.008544408,-0.023996832
FLT3LG,0.011928981,-0.0027008383,0.0021110731,-0.020831054,0.027322257,0.023106292,0.02649385,-0.007577301,0.0023788786,2.0918953e-06,0.0018804162,0.02948803,-0.017743992,0.0148860905,-0.011640729,0.01844082,0.007287155,0.012337158,-0.02140818,-0.0050378023
FN1,-0.10185035,0.051603664,0.029702835,0.0013049184,-0.071266375,0.018900728,0.0077252276,-0.10697203,-0.021021277,0.050704934,-0.03966547,0.103452854,0.014554575,-0.056758385,-0.01147434,0.18273765,0.019111933,0.116669424,-0.024913609,0.02282181
FOS,0.019221744,-0.0038624133,-0.026415747,-0.015841927,0.0022021595,-0.013344087,-0.035849076,0.0071990606,-0.0839589,0.007290174,-0.011047199,1.9084184e-06,-0.002185249,0.012527149,-0.00484242,-0.035804983,-0.00037157317,0.03007709,0.017764714,-0.0035321098
FOXF1,-0.033432353,0.037321385,0.014606627,-0.0062733986,-0.00015103676,0.001370967,-0.0007215019,0.016564913,-0.008224929,0.0059534856,-0.0024382349,0.0019781194,-0.012367761,0.01805001,-0.014401709,-0.036704596,-0.030219741,-0.009826192,0.021913229,0.019676093
FOXP3,0.019206515,-0.008758631,0.045776036,-0.05648447,0.038325995,-0.013478458,-0.021591373,0.03464075,0.0077419626,-0.032263283,-0.009391931,0.0029240416,-0.013049747,0.030583398,0.024029937,-0.008786881,0.039780885,-0.00037531878,-0.049903855,0.005538212
FPR1,1.1213626e-06,0.045777965,0.010817559,0.00976911,0.005003214,-0.01927816,0.015118847,-0.00989456,-0.039349653,-0.039975043,0.0051899133,3.9230154e-06,0.029360022,0.018289935,-0.03497332,-0.03932246,-0.0146107,0.0037078743,-0.025689535,-0.002785905
FYB1,0.03991735,-0.026421253,-0.023369506,-0.016420614,0.015023339,0.020078978,-0.056187026,0.024602467,-6.780412e-07,0.00030139872,0.023796609,-0.021624515,0.047381513,-1.6913543e-06,0.03177051,-0.032591112,1.2571642e-05,0.030429393,0.014401268,0.0003954661
FYN,-0.0025928894,0.002179111,-0.009241554,-0.054974943,-0.014814426,-0.0034522766,0.00043113393,0.0019421123,-0.03697718,-0.023049224,0.015425541,-0.016768195,0.023505896,0.014608462,-0.033928387,0.0020562483,-0.00028136012,-0.05148426,-1.9223473e-06,0.043046426
FZD1,0.007820707,0.022107333,-0.010391041,-0.0002096174,-0.005041699,-0.00077977026,-0.015464544,-0.00014764386,-0.0107830195,0.008430427,-0.0026207804,0.003636067,0.0030857339,-0.01243501,-0.034858275,-0.0029092615,-0.031117067,-9.719314e-05,0.014893456,0.0012033766
FZD3,-0.015186691,0.013632455,0.0038497734,-0.056694195,-0.054985616,0.0112020215,0.004176285,-0.028182516,0.014544119,-0.02009424,0.00930469,0.022383481,-0.0041313074,0.014857591,-0.00094572693,-0.028295036,-0.012248129,-0.022602499,0.011775425,0.008144375
FZD4,-5.3460315e-07,-0.009074493,0.0313601,0.02221925,-0.010407098,0.006977836,-0.009521988,0.0038519714,0.066752024,-0.0012591253,-0.006752125,-0.008894921,0.016391097,0.024662178,0.033613674,-0.0003132029,-0.00390423,0.0015951432,-0.014244191,0.0010196555
FZD5,0.0038357382,0.00728602,0.0046350555,0.00240089,0.0024061736,0.0037105165,-0.040171765,0.028346354,0.03534478,-0.03383864,-0.023206683,-0.017058702,-0.013398478,0.020646807,0.011285104,-0.011288785,0.039484404,0.015970983,-0.042293712,-0.0412589
FZD6,-8.952274e-06,0.0014780635,0.020486236,0.025153508,0.00408547,0.003190051,-0.021785991,0.010585707,0.022655334,0.023445295,-0.019013599,-0.025933048,0.0062417677,0.015048913,0.007379228,-0.011837877,0.0010803384,-2.6274206e-06,-0.0065183854,0.003156674
FZD7,0.0050894143,-0.0064037647,-0.008467908,-0.02312831,-0.0076600756,0.023920625,0.004490962,-0.019883651,0.05736589,0.003624865,0.0037391502,-0.009017908,-0.0077321017,-0.01645107,-0.012005572,-0.031383123,9.208649e-05,0.019776486,-0.024817565,-0.0056768307
FZD8,-0.011317295,0.013685458,0.011782405,0.0061974907,-0.019577317,0.012012441,-0.041201055,-0.010546654,0.014522362,-0.0010878415,-0.005097615,-0.008300827,-0.040092193,-0.010933466,0.005671091,-0.022105461,0.002190558,0.022390574,-0.040710624,-0.007397738
G0S2,-0.007949536,-5.616125e-07,-0.016125873,-0.0013875982,-0.069972426,0.019320413,-0.010277341,-0.015725585,0.013400845,-0.04662599,0.012844764,0.00030997038,-0.028670682,0.010668272,-0.01848213,-0.036173638,0.017632693,0.06918018,0.013898244,0.03119251
G6PD,0.058352493,-0.028535351,3.6402405e-06,0.0008105894,0.015833566,-0.014770919,-0.017025005,0.009311026,1.6951029e-06,0.009467197,-0.03689848,0.003716173,0.0024313994,2.4029155e-06,-0.0049736733,-4.7126505e-05,0.011053916,0.023942204,-0.0026096508,-0.021777323
GADD45B,-0.0011945777,4.9199305e-05,0.0037496523,-0.019011611,0.063372105,0.0044365544,2.2120818e-07,0.017216722,-0.029206876,-0.00734161,-0.046718545,-0.013193499,0.03919278,0.020561296,0.026878258,0.016072001,0.017781861,0.018423663,-0.04430991,0.02015194
GAS6,0.02297627,-0.018402956,0.009117843,0.026394596,1.3504925e-06,0.053382345,-8.153873e-05,-0.029196488,-0.047943424,-0.01714366,-0.029051844,0.053637873,-0.016862344,-0.015848288,0.015618251,-0.013579202,-0.0061975247,0.02879011,-0.01221625,3.0724802e-06
GATA3,0.033612683,0.0022429887,-0.052124206,-0.007370777,-0.0138791315,0.0038036269,-0.04832047,-0.000914688,-0.0125177875,0.0066486513,-0.0068425806,-0.012988584,-0.010434782,0.010416877,0.036790174,-0.013186776,-0.00989459,0.028667552,-0.00093008403,-0.0018053243
GC,-0.00013358558,-0.047662955,0.009993536,-0.026998186,-0.0007577369,-0.0034617684,-0.037242137,-0.014580213,0.039376542,4.2368797e-06,-0.0026111158,-0.0032171481,0.014497381,-0.019547084,-0.016919194,-0.0040215296,0.004684174,0.011895526,-0.00055073854,0.029974993
GCG,0.016997749,-0.011746837,-8.519756e-05,0.008646365,0.06003846,0.0010391495,0.030913299,0.015044877,0.08222646,0.0033987206,-0.016858645,0.0006975404,0.0042820326,-0.0031068234,-0.026079921,0.017800245,-0.0071498184,-0.011631261,-0.0015534452,0.021318741
GDF15,-9.321094e-06,-0.002302593,-0.004632412,-0.008048663,-0.014477215,0.016673615,-0.035847027,-0.037864152,-0.050928023,0.014163509,0.022901757,0.0028095355,-0.0020824159,0.0065642702,-0.01788754,0.003344101,-0.0026918142,0.004260985,-0.0051744785,-0.000100353405
GLUD1,-0.00023788908,-0.043632153,0.020094477,0.027023217,0.021572076,-0.007159001,0.07066772,-0.05868356,0.037796374,0.019310223,-0.028863048,0.0021678337,-0.010435914,-0.016164452,0.03983067,0.028573032,-0.037427545,9.648826e-06,-0.047340218,-0.005326191
GLUL,6.1307054e-07,-0.038365427,-0.001433813,0.01063491,0.04506535,-0.04444247,-0.0076104687,-0.0064700185,-0.002560575,-0.014612066,0.06781054,0.0034987782,-0.0056943893,-0.032501217,-0.006452601,6.149083e-05,-0.0034653372,-0.0072012558,0.035253014,-0.024864646
GNLY,0.01455285,0.0061511267,7.3048825e-05,0.042254027,-0.016897405,-0.0043371334,-0.025925057,-0.00020616624,-0.022187283,-0.030212328,-0.0015003366,-2.7934718e-06,0.010037244,0.031435546,0.018771926,-0.011450945,0.0047420706,-0.007698879,0.018769436,0.009960841
GPBAR1,-0.017379833,0.0421221,-0.009053845,0.011064498,-0.024539752,0.018061522,-0.053487867,-0.007820928,-0.0052123717,0.029650295,-0.0009221508,0.020790817,0.015452931,-0.0028237966,-0.0062564677,5.3274493e-07,-0.027637795,-0.028831134,-0.011186256,0.009660599
GPER1,0.0004085653,-0.00077934796,0.0026915185,-0.010051129,0.02064687,-0.025401793,0.009104586,0.015182342,0.03731584,1.3784528e-06,-0.0025366761,0.018626178,-0.04687352,0.019023575,-0.006417661,0.022631362,-0.002138444,0.0013224336,0.011303236,-0.0047557624
GPNMB,0.032909617,-0.007956259,0.00032541336,0.01159954,0.03901217,-0.013611498,-0.06825705,0.007958399,0.007148466,0.05500508,0.024279939,0.012432331,0.01644396,-0.010242947,-0.061801676,0.049773734,-0.031691678,-0.09035836,-0.01776533,-0.004009226
GPR183,-0.0003286957,0.057423517,-0.0065976223,-0.003192175,0.008308804,0.02148291,0.0011779638,0.019306915,0.0055404124,0.013981796,0.0034839113,0.011655327,-0.023697415,0.010016128,-0.0027180123,0.0086399615,3.3892582e-06,0.018343797,-0.016806204,0.017283965
GPX1,-0.05444939,0.058291316,0.007828759,-0.016866192,0.0023812442,-0.03687113,0.003760321,-0.030375477,0.020267118,-0.034050323,2.0210555e-06,0.006798399,0.028717605,-0.002063116,-0.00022243714,0.0037615122,-0.024636885,-0.0005737056,0.028642107,0.035211932
GPX3,4.870849e-05,-0.006599428,0.0029929176,0.009163185,-0.0069214795,0.00034671597,-0.016037088,-0.039937675,0.0011799556,0.0039393664,0.03651531,0.0030920932,-0.015518724,2.0285077e-06,0.020663792,-0.057531856,0.011590786,0.0036424375,0.010303239,9.765998e-06
GSK3B,0.012533937,-0.0151351,0.0012916321,0.0047143036,0.0025565885,-0.021219015,0.009790409,-0.024209946,0.02386296,0.0043014414,-0.0070824265,-0.006630953,-0.03781172,-0.021493493,-0.00824103,0.0064584017,0.008831027,0.009768031,0.024170639,-0.03427663
GSN,-0.030636111,-0.04514483,-0.017035158,-0.043653846,-0.041759174,-0.022886448,0.0010629058,-0.00293315,-0.0013890512,-0.012318503,0.05079466,0.0024623757,7.154826e-06,-0.02627268,-0.011048048,-0.022601144,0.06867543,2.1887409e-07,-0.0039071543,-0.08517798
GSTP1,0.0029507508,-0.06250583,0.005986515,-1.096116e-05,-0.05786801,-5.447575e-06,0.034469556,0.00027129852,-0.02667733,-0.025721159,0.03612274,-0.007154365,-0.056982502,-0.03330695,0.039629295,-0.020851063,0.012425585,-0.01510275,0.026795305,0.021577148
GZMA,0.040522225,0.015875986,0.0051786425,-0.007585931,0.0066941315,-0.016097963,0.00049991696,0.016100418,0.013264159,0.0047012754,0.005617126,0.0025634316,-0.053886328,-0.016068297,0.0003710464,0.022475887,-0.007991737,0.0099167805,0.040643647,-0.061366066
GZMB,-0.025655845,-0.034151074,0.0066223326,-0.011104696,-0.0014667932,0.035157837,-0.015795643,-0.0057051512,-1.7044167e-07,-9.034454e-07,-0.006190118,-6.3800223e-07,-0.0015049826,0.05596633,-0.0047389064,-0.005580606,0.008543842,3.725517e-09,-0.036872968,-0.0079479655
GZMH,-0.0027146821,0.028327676,0.001128943,0.001194462,0.013458304,0.0017673009,0.0014661035,0.007230643,0.0015734473,2.2600107e-06,0.008205159,0.0021041697,-0.0093395,0.009647795,0.016363392,0.0055100983,-0.036231052,0.012051849,-0.01887768,-0.006075825
GZMK,-0.028404042,-0.01706983,0.018645866,0.03617208,0.0240902,0.017416654,-0.039655905,0.00015738967,0.044206522,-0.002553167,-0.008676024,-1.1642377e-07,0.0010556005,-0.0020011358,0.024484538,0.011255669,0.00672921,0.018922258,-0.004715246,0.0003784252
H2AZ1,0.010175241,0.020881778,0.034089334,0.005397705,0.043701515,-0.023015618,0.0080254255,-0.03105774,-0.013244693,-0.001211436,-0.014726702,-0.01738901,0.0068372726,0.0023617388,0.093989894,9.332536e-05,-0.012386838,-0.004278984,2.304954e-05,-0.04463184
H4C3,0.06731116,-0.014103343,0.01948775,-0.111549035,-0.016649501,-0.052872486,0.042827826,-0.04765526,-0.0068873675,-0.1209062,0.009775511,0.044823177,-0.00023437108,0.006361964,0.08096207,0.03786324,-0.047772307,0.007031067,0.006353995,-0.022732148
HAVCR2,-0.0026222675,0.014345092,0.0080334,0.0051063853,-0.0159992,0.0047658095,0.008334049,-0.014929471,-0.004949709,-4.021729e-06,0.016826887,1.0925206e-06,0.0057166987,0.009865806,0.008462165,0.009705031,0.005303752,-0.015451559,-0.026627637,0.038069237
HBA1/2,-0.02511966,0.0054499763,0.03740857,3.5633782e-06,-4.4147134e-07,0.021058522,0.018666364,-5.001435e-07,0.012456458,-8.520701e-05,-0.004855309,-0.043864295,0.046681155,-0.009428273,0.04523764,-0.02219851,-0.00032395683,0.018500375,-0.075583205,-0.019253202
HBB,0.0071714856,-0.012718642,0.028843446,0.0029299818,0.028926954,-0.004203576,-0.023038179,0.0305335,0.011788236,0.012352438,-0.004890301,-0.0009243353,3.148049e-06,0.04760798,0.0012379192,-0.011626758,0.007982975,0.0047824904,0.00029141956,0.03722304
HCAR2/3,-0.0014872685,-0.021781495,-0.0052501936,-0.0005722957,-0.04284022,-0.034739982,0.014715745,0.0022702473,0.044563267,-0.054692198,-0.022074291,0.00056356133,-0.019438367,-0.018449634,-0.03258867,0.048803665,-0.052328896,0.014527851,-0.008859379,-0.008332355
HCK,0.0076444065,-0.00924472,0.032190498,-0.091727085,0.030376514,-0.035719402,-1.884973e-05,1.2489152e-05,-0.028321521,0.004030894,0.019919874,0.010703168,0.0020212266,0.014456418,-0.002571088,-0.034340896,0.00022619829,0.022835065,0.041247766,-0.041386563
HCST,8.486173e-05,0.026617026,-0.0017269492,0.03881734,9.705152e-05,-0.0110494625,-1.0653386e-05,-0.019357324,0.018751154,0.0014610594,-0.00016022034,-0.012876865,0.024139091,-0.011255539,0.03318188,0.015547809,-0.039318103,0.011452618,-1.0058794e-07,-0.010299257
HDAC1,-0.007690467,5.199689e-06,0.021607716,-0.010088146,0.011723519,0.010129885,-0.0032384337,-0.033523332,1.2694645e-06,0.012926016,0.025686262,0.0013246419,0.023540635,-0.021886606,-0.016083084,-0.03369339,-0.0029404878,-0.0048894947,8.225858e-06,-0.019317089
HDAC11,-0.016572317,0.02927913,-4.47975e-06,6.929308e-07,-0.0026255883,0.0032408226,6.911009e-07,0.011202516,-0.008731438,0.004868075,-0.006614696,-0.011542815,0.014359298,0.024039915,0.03261724,-0.0030801059,-0.00021757287,0.009645259,0.00246352,0.023649555
HDAC3,-5.179317e-06,0.009868042,-0.027527282,1.6722545e-06,-0.012602081,0.0014405843,0.028755186,0.0020257984,0.021635884,-1.7347083e-05,0.006558293,0.006997028,0.017016245,-0.012881346,-0.050994135,-9.319544e-07,-0.04636123,-0.0029404403,-0.025749382,-0.03490158
HDAC4,0.029775297,-0.0886286,-0.014079189,-0.035899322,-0.015684934,-0.011503121,0.00045926357,0.00216191,0.020563222,-0.030079367,-0.020937609,0.020564646,-0.019269036,0.022981403,-8.550143e-07,0.026470825,0.016961442,0.029179025,-0.014273628,-0.025304424
HDAC5,0.016459621,0.04253023,-0.0014955582,8.246249e-06,-0.003511599,-0.0054325657,2.0195608e-05,0.0017315239,0.02569169,0.0085232975,-0.00038128748,-0.0012904345,0.0021061602,0.012623618,-0.00728889,0.0060493653,-0.0021543305,-0.006037203,0.02062298,0.042616054
HEXB,0.013407076,-0.0021026186,-0.016574346,-0.013200342,0.044020228,-0.030669697,0.011182449,0.00012560029,0.0020966476,0.02180421,0.04645989,0.023959385,0.015053787,-8.0967075e-05,-0.028509978,0.034364145,0.005547585,0.04009794,0.002591777,-0.023408744
HEY1,0.008975533,-5.3825857e-05,0.015760299,-0.061665513,0.007215685,-0.011438791,0.03906233,-0.014564827,-0.008094976,0.024933916,-0.009567387,0.051209103,-0.009039748,-0.0013245074,-0.06097933,-0.021843068,0.0061285724,-0.011841223,0.006385739,-0.015713772
HGF,0.010234467,-0.009094743,-5.7721354e-07,-0.008376509,0.017731464,-0.0145492805,3.4415336e-07,-0.023139508,0.02842254,-0.036126573,0.041877214,0.018653259,-0.028361639,-0.0011083029,-0.008999567,6.890292e-06,-0.007390643,-0.0005761027,-0.02162759,-0.0111393975
HIF1A,-0.015426947,0.05313803,-0.016368477,0.0036780993,-0.05941712,0.019246196,0.019988121,-9.372615e-05,-0.029835014,0.012134796,0.048965055,-0.027035737,0.010562332,0.0182271,0.010289478,-0.0441249,-0.0325053,-0.03724574,0.0138191115,0.0026839538
HILPDA,-0.03133932,0.08444079,-0.0019414729,0.015989197,0.019991733,-0.026683599,-0.007300313,-0.01801952,-0.07948317,0.0235084,-0.034711383,-0.013653884,0.0074009215,-0.022064295,0.013026341,0.011149581,-0.03257458,0.0046256403,-0.044735003,0.00032097407
HLA-DPA1,-0.0007409027,0.01512134,0.039821424,-0.047698632,-0.021260932,0.072812885,0.075950414,-0.022451732,-0.03216804,0.034326088,-0.049087033,-0.0639322,0.06754611,0.047568474,-0.002177095,-0.04224474,0.0013422162,-0.042718668,-0.019858051,-1.7585968e-06
HLA-DPB1,-0.0023392849,-0.0108455485,0.0013137519,0.031305525,0.030319897,0.01651334,0.03774679,-0.013180972,0.0096353805,0.0032236022,-0.053517632,0.0010163641,-0.0001272948,0.011461141,0.010603993,0.013306859,-0.004895443,0.0112986835,-0.041077334,-0.02821358
HLA-DQA1,0.04101278,0.012941732,-0.03717341,-0.0080954665,0.0023886226,0.015731376,-0.011892684,-0.007604967,0.012076669,-0.029447418,0.068595484,-0.013047784,0.0069106994,-0.044012334,0.0024705182,-0.03462269,-0.038543567,-0.00063302234,-0.0018326937,0.013789181
HLA-DQB1/2,5.6800185e-05,0.02190008,0.041406836,0.008579203,-0.022082696,-0.0004415799,-0.007999154,0.003522528,-2.9617732e-07,-0.0014591928,-0.010821869,0.018461468,0.03624597,-0.037671007,0.02440661,-0.02215989,0.00031025824,0.06151148,-0.008531411,0.028666832
HLA-DRA,0.09449251,-0.03941899,-0.03310267,-0.0068555684,0.01956385,0.075685225,0.028255077,0.04302255,0.031144947,-0.04423167,0.039754406,0.027509285,0.093698174,0.044245522,0.0034477524,0.072312996,0.002170408,0.0010259588,-0.00082754117,0.0016930656
HLA-DRB,0.032094814,0.0001484965,0.00073083845,-0.058967058,4.192115e-06,0.04500329,-0.007929344,0.06764986,0.053188637,-0.0013668718,0.09032259,0.03894167,0.05908933,0.050771724,0.041131623,-0.013637797,0.021979831,0.087189384,-0.0024485243,-0.09045654
HMGB2,0.0020201087,0.036823418,-0.020322101,-0.020424115,0.010117609,-0.030390525,0.06422073,-0.013535735,0.009034974,0.008687147,0.014670272,0.033042803,-0.042144436,-0.01368061,0.04019793,0.013947302,0.0010527665,-0.011628607,-0.0077023557,-0.049668472
HMGCS1,-0.011529547,-0.009921748,0.010911315,0.0019283856,0.024225283,-0.04928817,-0.027536534,0.036583085,-0.037498545,0.014531836,0.0064471806,0.015342311,-0.022695595,-0.017036237,0.0093081435,-0.023061646,0.02392713,0.028105143,-0.0012217201,-0.05701066
HMGN2,0.028752841,-0.05890988,0.047820963,-0.055831417,-0.021084053,0.00024066365,0.04229873,-0.050876472,-1.2996876e-05,-0.0466392,1.0144395e-05,2.872407e-06,0.009668819,0.04578496,0.032351505,1.9251465e-06,-0.018212788,-0.0032946065,0.06637259,-0.015937438
HPGDS,0.018930733,-0.0003585519,0.0067450725,-0.0421305,0.02182916,-0.00025791232,0.025022812,-0.02205659,-0.02166278,-0.06668861,0.02044339,0.0422385,-0.0017148016,-0.016215842,-0.013436534,0.0028928595,0.0058033546,0.0027723757,-0.052430585,7.478635e-07
HSD17B2,0.031201122,-0.03562011,0.009714333,-0.027978122,-0.0075542433,0.0021027452,-0.026275974,0.036567528,0.004920434,-0.0268716,-0.008882425,0.013862213,-0.015584093,0.022238841,-0.00527952,0.014484113,-0.0011917243,0.07034354,0.0011074558,-0.03336735
HSP90AA1,0.020107307,-0.048430637,-0.0044925045,4.0700374e-06,-0.020502346,-0.02910198,0.025800638,-0.05964763,-0.0721741,-0.015808182,0.0076104486,-0.06333426,-0.048548725,0.0087553235,0.0688028,0.045157373,-0.03409844,-0.016895508,0.028255953,-0.02077538
HSP90AB1,-0.029544452,-0.054633565,0.015967818,-0.0024835647,-0.017845355,-0.022396961,0.043731928,-0.044100493,0.0005595712,-0.017237727,0.022401264,-0.0011074897,0.0001729741,-0.02646625,0.019285955,0.015784565,0.006233292,0.008559972,0.017293146,-0.014542316
HSP90B1,0.0022075318,-0.013758544,-0.006302149,0.0039514517,0.005560393,-0.025118345,-0.0022305595,0.01863715,-0.00936998,-0.05300273,-0.007228147,-0.017019829,-0.040314294,-0.030882034,0.0050202576,0.016992152,0.0362778,-0.037690412,0.0062385015,0.006843247
HSPA1A/B,1.3281256e-06,-0.013622896,-0.010020248,0.057876404,-0.009786895,0.013804064,9.966011e-07,-0.030681565,0.022606771,0.00621608,0.00029848196,0.01549553,-1.13162116e-07,-0.010929056,-0.00056459213,-0.03390788,-0.020961143,-0.014735806,-0.02424704,-0.007165927
HSPB1,0.035359878,-0.12914018,0.026518324,2.1868302e-05,-0.08906934,0.017347556,0.0004976169,-0.02839662,-0.015261277,0.06900028,-0.048077278,-1.5358623e-06,0.00085716136,-0.033778366,0.022803381,0.0018435508,0.027419515,-0.16171522,0.04175405,-0.01418203
HSPG2,-0.022518571,0.06645823,-0.002832966,-0.0027036057,-0.046149798,-3.1079271e-06,0.015704157,0.010885695,0.038002815,0.0031768028,-0.04460343,-0.015529241,0.007327263,-0.008606736,-0.0015878379,0.061201647,0.0057056015,-0.027805753,0.0021282723,0.017929005
HTT,-0.017108819,0.04545511,-0.003978121,-0.0074631055,-0.053344116,0.010618144,-0.012436842,-0.004986072,-7.311296e-07,0.021767141,0.03230542,-0.020358078,0.0013948111,0.00027568146,0.0018577304,-0.006864763,0.0016935609,-0.0024660293,0.0047318875,-0.018336492
IAPP,-0.024030732,0.0057802578,0.0002336944,-0.017410621,-2.7922597e-06,0.021090161,-0.01872881,0.010185839,0.02327727,0.0003146747,0.0422521,-0.012186948,-0.004356218,-0.0012435431,0.010209274,2.1333082e-05,-0.007532139,0.019278252,-0.00516753,-0.0052593458
ICA1,0.01010516,-0.0029531696,0.01225784,-0.021497633,-0.012815589,4.869769e-05,0.003377303,-0.014096534,0.010461644,-0.027028656,2.7191113e-06,-0.013520381,0.047523707,-0.046598133,-0.009888573,-0.04404218,-0.024623,0.009591248,-0.0008793286,-0.04146103
ICAM1,0.007210966,-0.0071131103,0.0134817455,0.053851325,-0.007311323,0.035760485,-0.022339037,-0.03657648,0.07148791,0.019527655,-0.010379926,-0.017362893,0.0024226152,-0.0030930624,0.029724384,-0.025804097,-0.008873499,0.006597972,0.029680539,-0.001511224
ICAM2,-0.025608262,0.0020926334,-0.012141118,-0.007635988,-0.007076492,0.019183759,0.061807446,-0.0026717128,0.025921723,0.00019813768,0.0012732892,-0.014587199,3.468675e-06,0.036864396,0.035397947,-0.024456728,-0.017141012,-0.00871589,-0.032662164,-0.030577974
ICAM3,0.025777664,-0.019719105,0.030119222,0.03409979,0.06523684,-0.0052656434,-0.0427266,-0.033434354,0.0011384498,2.2353288e-06,-0.008650436,-0.0026806558,0.017940054,0.0077796937,0.045267314,-0.0018124784,4.0867617e-05,0.0055132774,-0.04369742,0.0121125495
ICOS,0.019837392,-0.021108428,0.02217313,-0.05922439,-0.005125963,-0.016084025,0.06997998,0.0015380713,2.1403002e-06,-0.009092153,-0.01866227,0.022340473,0.027163524,0.031272683,-0.008219399,-0.02338794,0.0006939001,-1.3890589e-05,-0.00076186983,-0.014451841
ICOSLG,-0.010932406,0.01556893,-0.0059479293,-0.045333225,0.002143294,-0.010549298,-0.008522522,-0.0022300049,-0.0007755534,-5.759697e-06,0.0044597187,0.0027350252,-0.010137873,0.009582976,-0.037097987,0.017614026,0.008549352,0.016405975,-0.006796332,5.8639296e-07
IDO1,0.016947411,-9.0528584e-07,-0.026902141,0.016770246,0.022221943,0.023866866,0.016000848,-0.0048620882,-0.029398661,0.0012917649,0.016598588,0.0024417096,0.004267459,0.092822194,-0.04034814,-0.011264672,-0.021038152,-0.07582374,0.03166138,0.0045919367
IER3,-2.766152e-07,-0.004602901,-0.05755592,-0.014329112,-0.005490443,-0.031499337,0.023411749,-0.01690535,-0.04275463,-0.04117258,0.050972648,-0.023820756,-0.009486567,-0.003920818,-0.032221068,-0.030694911,0.0672418,0.018636731,-0.04496715,0.0027549483
IFI27,-0.039000776,-0.010648313,0.08194786,0.07746602,-0.022484291,-0.020871691,0.067251,-8.520881e-05,-0.00028039693,0.0032661424,0.016279528,0.04218838,0.008030003,0.043854646,-0.066136055,-0.023241699,0.021218628,-0.0791044,0.004159329,0.03225616
IFI44L,-0.06290859,0.0066391868,0.001023654,0.010835734,-0.012822534,0.009074912,0.016611809,-2.8229704e-06,-0.033888895,0.019868243,0.0016697719,0.009588356,0.030585192,0.0018607776,-0.053580083,0.018645655,-0.01962225,-0.047813855,0.010118333,-0.00055888965
IFI6,-0.13317202,-0.048910156,0.08005851,0.20801829,-0.022067852,0.027002545,-0.019205065,-0.01967375,-0.00743775,-0.12059137,0.22345068,0.1242139,-0.035697494,0.15326717,-0.20182298,0.0951424,0.008157964,-4.601013e-06,0.026985623,-2.7586198e-06
IFIH1,-0.002177731,0.0039313445,0.0006906403,0.0012206992,0.0177284,-0.005355996,0.0076423264,-0.01191362,5.6499084e-05,0.017601166,0.019508516,0.018432602,0.02886968,0.040015798,0.0009652888,0.028818948,0.0047262073,-0.0020713964,-0.027118217,-0.024970163
IFIT1,-0.078634955,-0.0067315963,0.030334374,0.11942774,0.016742302,0.037160575,0.012320009,-0.01526119,-0.0045235367,-0.0090391,0.017436357,0.015848408,-0.010953392,0.09302211,0.00074868515,0.013200308,-0.008418919,-0.025575448,-0.023410507,-0.038561534
IFIT3,-0.039007436,-0.0009344776,0.020775625,0.09385298,0.05450272,0.023753852,-0.02708015,0.03342492,-0.080756076,0.020568356,0.02333507,0.013140084,-0.044405624,0.15804793,-0.0266868,0.0018121945,0.0435033,-0.02712201,0.003292084,-0.11489873
IFITM1,-1.7323376e-07,-0.0020030427,0.015737396,0.026497059,0.04253032,0.012378341,0.08281116,-0.005039883,-0.061168414,0.004816034,0.010915687,-0.037913546,0.006861627,0.14487733,0.011201448,0.032873854,0.025685403,-0.10787776,-1.5274464e-06,-0.013833683
IFITM3,0.01853906,0.009065936,0.033482987,0.01870885,-0.0011393239,0.025817217,0.0040111,-0.031049365,-0.058416646,-0.12065685,0.07372047,-0.06309677,0.026035542,0.06593172,0.028534217,-0.0043733525,0.016130494,-0.10734663,-0.027960759,-0.041676853
IFNA1/13,-0.019685946,0.024355166,0.0030633232,-0.0044839825,-0.008440108,0.0046943054,0.0022197892,0.022565752,0.031606536,0.012647888,0.03259537,0.012410453,-0.002514371,0.010448979,-0.03870756,0.020405307,-0.032114513,0.023287838,0.03806711,0.005716078
IFNAR1,-0.052957408,0.009205779,3.5578148e-07,0.004929984,-0.005847675,0.0050713215,0.043180715,0.002945947,0.011694774,0.027099526,-0.0062843845,0.011825309,0.024043633,-0.0059936726,-0.009114902,0.030011594,-0.00069374643,-0.010416987,-0.015201278,0.015182886
IFNAR2,-0.01618892,0.00059979846,0.0280019,-0.017849645,0.040911462,-0.0013585675,-0.0018849843,4.3774202e-07,0.030595334,0.012982615,0.023735736,-0.017249752,0.002480618,0.016977971,0.024652,-0.029805467,0.022055266,0.062303502,-0.013269351,-0.01599125
IFNG,0.017617477,-0.011710299,0.006804325,-0.005770986,-1.8832385e-06,-0.006722684,-0.022740193,-0.020389535,-0.0049391156,-0.011171007,0.002433062,0.007314546,-0.021433214,0.0114627965,-0.024314692,0.059116438,-0.0006876608,-0.0221141,0.017435461,8.8911904e-05
IFNGR1,-0.001470359,-8.7175675e-07,1.3369746e-06,-0.006121759,0.005485719,-0.021163037,0.04059382,0.020544285,-0.0032781456,0.025618533,-0.00033454335,-2.1235694e-06,0.030838227,0.008594872,0.0028803202,0.027140707,0.0051884586,-0.035531987,-0.034357376,-0.011727143
IFNGR2,0.015452349,-0.034518264,-0.00946709,0.009897124,0.0059891623,-0.012509398,-0.028077671,-0.0019393405,0.04070445,0.01483312,-0.015533291,0.009826755,-0.024816256,-0.013725678,-0.03966706,-0.00455286,0.011826508,-0.010462222,0.034271505,-0.02315085
IFNL2/3,0.047271907,-0.029887116,-0.024191711,-0.022752142,0.017464356,-0.0012432851,-0.003986704,0.01328143,-0.013302105,0.0002311032,-0.06309827,0.009448584,-0.01121883,0.009642966,8.589494e-06,0.03458415,0.006721886,0.028729165,-0.019239247,-0.01096008
IGF1,-0.011625193,0.031975664,0.018613216,-0.027025435,0.011535542,0.029461263,-0.037915092,-0.02042649,-0.045874316,0.03505564,0.0032846436,1.6986925e-05,-3.6068095e-06,-0.026423847,-0.004408897,-0.000112760616,-0.006126926,-0.005736536,-1.27029525e-05,-0.009941962
IGF1R,-0.000512405,0.011398879,0.026543546,-0.0047565363,-0.030180858,0.0002809186,-0.03780268,-0.037261024,-0.032245617,0.013807093,-0.025645314,0.015827183,-0.02248559,-0.042973727,0.0097683,-0.027710337,4.003963e-06,-3.195096e-06,0.017630542,-0.0016753259
IGF2,-0.0035103094,-5.047993e-07,0.0054279347,0.009720103,0.034380067,0.004374014,0.0059068403,-0.0111229215,-0.004504116,0.004551005,0.0073040742,0.025637507,0.027815389,-0.018837465,-0.02089532,0.0057732156,0.0037888847,0.01639108,-0.010677336,-0.014549038
IGF2R,0.037076965,-0.0015189542,-0.0076045697,0.011815958,0.029780878,0.021806275,0.022474904,0.022364259,0.016137488,0.0027072297,0.023840124,0.037985384,-0.014637276,0.010883661,-0.007820291,0.039216682,0.0001785773,0.0038375512,-0.01791599,-0.016535401
IGFBP3,0.03216081,0.059098754,-0.006597847,-3.2727944e-06,0.04472884,1.4030843e-05,-0.13403793,0.06755011,-0.06670186,0.010222115,0.11270975,-0.09988742,-0.10080229,-0.035758555,-0.10700708,-0.034517027,0.16628447,-0.009726021,-0.013444125,-0.04383054
IGFBP5,-0.028238188,-0.016101101,-0.03606969,-0.104077436,-0.074768916,0.039704025,0.051909782,-0.024481617,1.888829e-06,-0.01777426,-0.016190415,-0.033885527,0.047468808,-0.003750502,-0.009750328,0.035072144,0.007599429,0.027321624,-0.03515486,0.003761316
IGFBP6,0.036977146,0.034054805,-0.008140548,0.014214059,0.01050621,0.01705548,-0.023116384,1.1823691e-06,-0.0132308705,-0.028900376,0.046643864,-2.9618207e-07,-0.047315363,-0.033722486,-0.035337538,0.08870185,-0.040270668,0.0050493884,0.006150207,-0.028034305
IGFBP7,-0.01700467,0.068234384,-0.06628535,0.04320373,-0.06368053,-1.6838874e-06,-0.03782586,0.08138896,0.0039029745,-0.0994477,-0.06160813,-0.08994223,0.047077294,0.011926667,0.027906457,0.07618562,0.14666605,-0.0278987,-0.04001788,-0.038957186
IGHA1,-0.041329876,0.0022336585,-0.059666548,0.0077466913,0.049030468,0.034761578,0.016860958,0.07803781,-0.05382808,-0.018671047,-0.03325826,0.0215792,-0.06496132,-0.001966016,0.052288823,-0.03628475,-0.00052901485,-0.038569763,0.045841552,0.026479442
IGHD,0.002850022,0.007458869,-0.009689144,-0.03209658,1.1586294e-06,-0.042018235,-0.00049644796,-0.005849392,0.043250415,0.0125500085,-0.0035509833,0.023543872,-0.025095582,-0.021792168,-0.019087827,0.011422624,0.004469885,0.02635372,-0.00054362614,-0.028730713
IGHG1,-0.1073281,-0.049968332,-0.069686286,0.08562273,0.219463,0.17469381,0.00036744867,0.18303317,-0.0449041,-0.15788274,-0.043521762,0.15674219,-0.006359189,-0.15002447,0.19934511,-0.11954016,-0.020632887,-0.07439794,-0.03823558,0.0037960042
IGHG2,-0.15828516,-0.07112198,-0.038438454,-0.012093821,0.055544116,0.16046615,7.0320915e-08,0.21471278,-0.04072121,-0.14609544,2.4456402e-05,0.21350238,-0.042501867,-0.087819494,0.11836304,1.4559211e-05,-0.08809677,-0.043665282,0.03175284,0.08974498
IGHM,-0.048776824,0.00025103707,0.037203994,-0.033444513,0.008550983,0.08974514,0.03169134,0.017015249,0.027144458,0.054555662,4.9418068e-06,-0.024220292,-0.061961364,0.031667776,0.018737819,-0.002519334,-0.047966197,-0.0047717933,-0.020245986,-0.022974363
IGKC,-0.22325163,-0.0038238354,-0.13195843,-0.1130314,0.050961025,0.30655482,0.096609995,0.26632437,-0.049033936,-0.073542364,0.0045356313,0.17745356,-0.21583964,-0.0778977,0.20164223,-0.0488865,-0.0069242027,-0.06203678,1.0673498e-06,0.05792244
IKZF3,0.023738723,-0.012571172,0.04166686,0.0053267926,-0.0064299856,7.931408e-06,-0.025357828,0.0072472706,0.05729432,-0.04514194,1.51812e-06,0.024186257,0.033958286,-0.028709386,0.00529751,-0.036619034,0.009818065,0.029235063,0.050099168,0.013277851
IL10,2.2548331e-06,-0.020150017,-0.0011168465,0.030115807,0.012737106,0.031879976,0.007870863,-0.031822503,-9.816695e-07,0.007279042,-0.014663026,-0.005273243,0.006914059,0.023686435,-0.00021615563,0.021782635,-0.0018497615,0.0050260765,-0.012068161,0.032910105
IL10RA,0.012240098,-0.014249845,-5.774464e-07,-0.010428066,0.004807598,0.00038314864,0.01221962,-0.0021156687,-0.04727063,0.013196277,-0.007552379,0.0067530805,0.02779962,0.002862312,0.0021926297,-0.037008442,0.0022218558,-0.034338333,0.02394173,-0.010614983
IL10RB,0.01652735,-0.06318569,0.00031294287,0.014680902,0.036406275,-0.006944658,-0.010164898,0.008418139,-0.008362029,0.016680747,-0.045938272,0.032028086,4.492955e-06,0.01758789,0.0007117908,0.014191217,0.011219385,0.016659921,0.011366009,0.0044226656
IL11,-0.024288945,-0.004777579,-0.00059161056,0.028496565,0.011090385,-0.016247423,-4.509387e-06,4.158852e-05,0.001474042,-0.0013218338,-0.016627837,0.008895974,0.0017801151,-0.0017035886,-0.027926737,0.007609241,-0.00025976304,0.056027614,0.0030325826,-0.0030972515
IL11RA,0.0013137499,-0.0014257246,-5.032631e-06,0.00016720309,0.0025566714,-0.0070554037,-0.000115986666,0.0015438807,0.012208142,-0.0020797676,-0.028536776,7.5815155e-06,0.009567072,0.020220455,-0.017046766,-0.022893522,-7.180869e-07,0.0018839332,0.011466987,-0.005929722
IL12A,0.0046090027,-7.9861675e-05,-0.0007527779,0.00055424595,0.0022228134,0.014207919,0.02949478,-0.039727233,-0.042403817,-0.01772807,0.00395586,0.018654346,0.0027984646,0.048077893,0.021259427,-0.042139873,0.0066925352,0.023530686,-0.069142625,-0.0284883
IL12B,0.014708488,0.013840408,0.0059217145,-0.0020053121,0.0048806937,0.018289717,-0.0023688741,-0.030906837,0.024469305,0.042186856,0.008345795,0.0042164433,0.015321356,0.011627269,0.006583802,-0.027755147,0.016691715,0.036972538,3.173177e-06,-0.048427213
IL12RB1,0.0010211441,0.024090765,0.02522183,-0.023420462,-0.009535593,0.008845194,-0.006450262,0.0071370294,-0.009287062,0.0013976245,-0.0158951,-0.017185733,-0.0018110372,0.029419674,-0.01602278,-0.01236577,-0.030487653,-0.01960355,-0.021904882,0.01703652
IL12RB2,0.0010012614,-0.01886938,0.0004969173,0.016267221,0.0036423309,0.056183666,0.006432731,-0.02111981,0.00814517,0.0056000585,0.004896006,-0.019879926,0.057392582,0.0034600762,0.008526869,-0.0136742955,-0.0001762228,0.008834519,-0.053675517,-0.023343517
IL13RA1,0.007332762,0.03991236,-0.025186928,-0.0058576884,-0.021979885,-0.0299879,0.024401968,0.009319512,-0.008942495,0.0026903078,-0.006082971,0.020306397,-0.025805838,-0.0071510174,-0.025636695,0.0075735115,-0.036257528,0.0092683695,0.020312387,-0.035026364
IL15,0.009968174,0.019894166,0.0030351311,-0.027419414,-3.1350053e-06,-0.0024788606,0.001067112,0.029100042,-0.0289256,-0.0016582122,-0.0123263225,-0.012044165,0.032553457,-1.1571714e-05,0.007971149,-0.0067451973,-0.010496515,0.022038955,-0.0063727726,-0.023151007
IL15RA,-0.0015277634,-0.0029829792,0.022076843,-0.045004908,-0.008715631,-0.0061720265,0.006452527,0.0016075885,-0.05590277,0.00069079775,-0.016594497,-0.0022083744,-0.04472218,-2.7959504e-06,-0.036339246,0.0045120264,-0.005499411,-0.057833295,-0.0014658164,7.888423e-07
IL16,-0.02400814,0.011512086,-0.01951813,0.008779866,-0.0027772402,-0.007505792,-0.0010525476,-0.024746327,0.0015379632,2.2194954e-06,0.01464897,0.0036504127,-0.013023997,0.009903485,0.01547034,3.7502869e-06,-0.003440506,-0.008118047,-0.007956061,-0.0085959695
IL17A,-1.0426624e-05,0.02181974,0.021453748,-0.0026391589,-0.02055295,0.012453146,-0.03694453,0.00095858425,0.003981655,-0.029574579,0.009490105,0.011336022,-0.04060129,0.02501458,-0.009531462,-0.008154115,0.04130367,-0.01971898,-0.009702602,-0.0036175542
IL17B,0.0063315434,0.033175442,-0.03591622,0.013453603,0.0047068326,-0.0053522624,-0.011852661,0.009951534,-0.00031164376,-0.009921245,-0.0048730257,0.031470876,0.0024704323,-0.011925865,-0.022900416,-4.4966655e-06,0.01064632,-0.018046025,-0.0077647297,-0.04941712
IL17D,0.028855992,-0.0018092492,-0.003615006,-0.0128158005,0.012194677,0.014371475,0.017422542,0.007883475,0.0051902076,0.007905044,0.025397625,0.05453368,-0.011872898,0.0019792498,-0.0289876,-0.01833372,-0.011551375,0.011760663,-0.010167077,-0.045225836
IL17RA,0.027307535,-0.019377027,0.0013417432,-0.03290864,-0.02716712,0.0021473952,0.012278596,-1.0133261e-06,1.0733169e-05,-0.004817753,-0.00079815625,0.023578826,-0.040560365,-0.0030281278,3.1276013e-06,-0.0012092257,0.010979187,0.022996135,0.011538022,-0.051338244
IL17RB,0.018978203,-0.029203014,-0.01631107,-0.011544356,-0.015289439,0.026041089,0.043303423,-0.02268748,0.081670746,-0.020559441,0.0027544668,0.006916545,0.01686273,0.029754274,7.7305214e-07,0.029313331,-0.003026303,-0.008778849,-0.083915666,0.0009202381
IL17RE,-0.0037635488,0.008067916,0.00977601,0.0014331542,0.015439929,1.909275e-08,0.019861672,-0.011332252,0.05072287,0.048764795,0.0063432883,-0.0110620875,0.0061297542,-0.013279138,0.028810086,2.4320457e-07,-0.00012961189,-0.012786942,0.0046123797,-0.0097590005
IL18,0.0066787056,0.0016496151,0.0146351,0.025956845,0.051915832,-9.369418e-07,-0.010689313,-0.0021615757,0.02403553,0.00755034,0.015478079,0.003076784,-0.0023718975,0.019573215,0.021882398,-0.0018344756,-0.015860904,-0.004882204,-2.2531698e-05,-1.010646e-06
IL18R1,0.0024016306,0.009336345,0.00039250095,0.033541586,0.018297892,-0.0017121866,0.0001614177,0.0089325635,0.012113536,0.020132992,-0.0052963877,0.024027638,0.00032995464,-0.011252682,0.034300342,-0.0139047215,0.011538143,2.9697023e-06,0.0179759,-0.04164146
IL1A,-0.0036685145,-0.0019716474,0.005651395,0.035702378,0.016665393,-0.038004328,0.018250458,-0.016975397,0.015241142,-0.018400257,-0.020435669,-0.0008125522,-0.0310602,-5.328791e-06,0.00037503275,-0.0003453738,0.029895905,-0.0031044926,0.0052534714,0.051964454
IL1B,-0.020340206,0.07306645,-0.05762982,-0.0011022779,-0.04677545,-0.0126136,-0.011056174,0.014065376,-0.0050645783,-0.009181973,0.04766506,-0.027678253,-0.061262447,-0.0354515,0.00835561,0.014002884,-0.007873446,0.004561809,-0.017062696,-0.022547139
IL1R1,-0.007414936,0.013717964,-0.021585984,-0.004931364,-0.0015187047,-0.009272616,0.030555537,0.010571445,0.017460242,0.0054385792,-0.0037991588,-0.004316192,-0.019977547,-0.0013979174,-0.012231847,0.0053884485,-0.0009885781,2.2811804e-05,-0.020278167,-0.010193128
IL1R2,0.03997847,-0.03736989,-0.03660458,0.01244468,-0.0072704833,0.020794915,0.016820572,-0.019306406,-0.0076087266,-0.0073164175,0.0008625511,0.02123852,0.0005174489,-0.0026492747,-0.019992556,0.006111822,-0.020116234,0.03768361,-0.021244222,0.0015465706
IL1RAP,0.0065300544,-0.05822946,0.00017085706,0.000109732675,0.012294104,-0.04129227,-5.6815573e-08,0.019936679,0.05983149,-1.3480663e-06,-0.0041904063,5.377381e-06,-0.013455727,-3.261818e-05,-0.005444448,0.010912444,0.009874046,-0.01148784,0.04738899,0.013771983
IL1RL1,2.9445082e-06,0.035125673,0.005069885,-0.008690191,-0.008653992,-0.00057801855,0.008814702,0.016014393,0.0070131384,-2.0266982e-06,0.00037990918,-0.005756487,-0.000263284,-0.0032871584,-0.037980374,-0.023477236,0.0029161219,-0.019046197,-0.0047941413,0.018248055
IL1RN,-0.009767978,-0.0486183,0.001359494,0.041770674,-0.0022508136,0.0034922918,-0.002141439,-0.00919719,0.0623176,-0.019862762,0.018080475,0.026818689,0.015165331,-0.010936725,-0.042529006,-0.027530823,0.019387366,-0.009179407,-0.0278957,0.028904771
IL2,-0.010594973,0.006358928,-0.0022120308,-0.00682988,3.0502502e-08,-0.0031033463,-0.041745476,-0.005530047,-0.057290286,0.034083474,0.0016219302,-0.024916843,0.04180731,0.005011161,0.023963032,0.015396125,-0.052311487,0.015831372,-0.028826782,0.000102949045
IL20,-0.004491321,-0.0039625834,0.010347648,0.00027966034,0.03003793,-0.016222948,-0.02618007,0.0001982785,-0.012195301,-0.009253126,-9.800722e-06,-0.00065259525,-0.0017457478,0.011488241,-0.027495494,-0.0149555495,0.016261099,-0.013629497,0.007887106,0.049537815
IL20RA,-0.005288106,-0.0050719106,0.00824123,-0.011262992,0.005032758,-0.011944603,1.0063808e-05,-0.0074336436,-0.028813927,0.009353233,-0.008566168,0.0089870095,-0.009505294,-0.0058261,-5.080722e-07,-0.009796635,0.036363635,0.02435369,-0.0071671526,-0.044646516
IL22RA1,0.046943285,-0.0028843265,0.0012376797,9.276705e-05,0.0015873363,0.016344765,0.021604279,0.010049228,0.042497046,0.011711457,-0.016918838,0.046341315,-0.0144288475,0.008496276,-0.025802273,0.016562656,0.015422513,-0.017233578,-0.0009509207,-0.0077359863
IL23A,-0.02849591,0.002262058,0.031403445,0.026833938,0.019949188,0.0056100264,0.012932274,-0.017454833,-0.0022660426,-0.0028849887,-0.019796772,0.0028731914,0.0064179394,-0.020333827,-0.023583654,-0.05042374,0.061049722,0.003189641,-0.016854124,0.025577184
IL24,0.0058469144,0.013361244,-0.018125892,0.024286242,0.021678105,0.00020733051,0.034433696,-1.0291594e-06,2.4187816e-06,-0.011746509,0.018637175,-0.037585855,0.0017108631,0.027982285,0.0049296203,-0.021511443,3.5131304e-06,0.03300302,-0.010166431,0.05938686
IL27RA,0.021857347,-0.0072218664,-0.030131683,-0.015252242,-0.0034131298,0.000911558,0.017154943,0.0011956597,-4.875051e-05,-0.0026780674,0.028316835,-0.0009522284,-0.015571714,-0.022577776,0.00091938965,0.039157525,0.010266857,-0.011192701,0.002098434,0.00018525314
IL2RA,-0.009008104,0.022247918,0.011854789,0.01909825,-0.023251183,0.023816012,-0.019138174,-8.204403e-06,0.0012083532,0.006809255,0.005685317,-0.0005753793,0.022679448,-0.0072071347,0.025389362,-1.2643378e-06,-0.020821111,0.055856623,-0.030688085,-0.046890642
IL2RB,5.8675954e-07,-0.0038061286,0.005065354,0.038884275,0.008480524,0.015329327,-0.039468117,0.015167461,0.014924512,-0.010468743,0.0030784914,-0.026335787,-0.013474021,0.011426118,-0.02525515,-1.1698036e-06,0.025495969,0.011600531,-0.00507366,-0.029556386
IL2RG,-0.014291367,-0.035790104,-0.016604606,-0.0018550955,0.008506289,0.009393211,-0.008363904,0.00026266012,-0.0062426673,0.00094517716,0.026036916,-0.019178243,8.359094e-07,0.022917558,0.028521791,0.01008082,0.029645976,1.1078755e-06,-0.014289737,-0.017495539
IL32,0.020144174,-0.006773412,-0.04249042,-0.04088895,0.0029724098,0.062391974,-0.014953133,-0.0062965555,0.032783367,0.041091938,-0.014314565,0.012295641,0.049300104,0.05197609,0.024483783,0.008285402,-0.019564776,2.9580601e-06,0.09746236,0.010364393
IL33,0.0035513462,-0.0031978753,-0.0057998574,0.021329029,-0.0022004086,-7.6091596e-06,-0.0487699,-0.0007377159,-0.02820073,0.015277754,-0.019285234,-0.048065227,-1.823633e-06,0.00027858917,-1.166098e-06,0.00019112435,-0.020788467,0.016190598,0.026191885,-0.022149477
IL34,-0.0025278383,-0.022359625,0.019187193,-0.023078874,0.011866212,-0.008223527,-0.063433,-0.012234942,-0.0016093983,-2.3806253e-06,0.0002601592,-0.0231685,-0.024261875,0.005473598,0.021585258,-0.014441856,0.032319576,0.0024292092,0.006635185,0.012657691
IL36G,-0.006718981,-0.010983009,-0.009846251,0.028895678,0.01329713,-0.0043982766,-0.015407177,-0.0035144468,-0.02065819,1.3747273e-06,0.025055164,-0.020442825,0.018642422,0.018432477,0.004692333,-0.056069016,0.0015129354,0.006207453,-0.015037748,0.005045695
IL3RA,-0.010711605,0.0011831393,-0.0031856287,-0.02060255,2.2166705e-07,-0.0042259092,-0.013638844,0.006024984,-0.0097746,-3.6789788e-06,0.011434979,0.013066763,-0.00042016766,0.0077255825,0.0041877576,0.016779656,-2.4308777e-06,-4.695897e-06,-0.016222281,-0.0014831942
IL4R,-0.012788717,-0.045504414,-0.00058637443,0.0021949168,1.5274536e-07,-0.011431644,0.029165823,0.012540555,0.045903005,0.0073652966,0.0010840606,-0.01510868,0.04387889,-0.02989206,-0.0064330874,0.0030944275,-0.0013553847,0.00913787,-0.0015608408,0.0002483405
IL6,-0.015717613,0.02544093,0.0114704445,-0.01923035,-0.052319378,-0.0027768272,-0.031927936,-0.012457572,0.012934128,0.00056159287,0.011562609,0.0119197555,-0.028835792,0.03246691,-0.008631868,-0.043435156,-0.011826164,0.044806037,-0.0032741174,0.0011943007
IL6R,-0.030724395,0.05910951,-0.0052392334,0.00010133369,-0.021832779,0.01094942,-0.014409293,0.010689887,0.012527834,-0.014141325,0.013897308,-0.013392432,0.045707878,0.0035527542,4.7361086e-06,0.018309094,-0.039706327,-0.002053069,0.012925956,0.01572184
IL6ST,-0.007064908,-0.04166358,-0.007294562,0.011144422,0.025167165,-0.0020112619,0.0037098501,0.015099572,0.052517615,0.0029973078,-0.0043969685,-0.008282621,0.0032648975,-0.004601812,-0.015537189,0.040442865,0.004917914,-0.016165845,0.02797049,0.015597486
IL7,-0.014585145,0.03436843,-1.3411658e-07,-0.008930838,0.0046251067,-0.005715763,0.07240462,0.019123213,0.012434666,0.008484347,-0.008669393,-0.046476368,0.025231432,0.04896672,0.03140692,-0.03796199,-0.014711423,0.041740634,-0.04004531,0.0058507677
IL7R,-0.038239032,-0.03595338,0.03222816,-0.0561131,0.023404408,0.012377906,0.042616375,-0.0035632842,-0.017294327,0.052447613,-0.012300772,0.0073615764,-0.002585906,0.03875149,-0.05520814,-0.008303048,0.04788449,-0.004650518,-0.03390095,0.013496135
INHA,0.028751835,0.009314727,-0.015954383,-4.1926273e-06,-0.00792285,-0.0039904956,-2.6978084e-06,0.012697801,-0.024135696,0.010542196,0.004380175,0.013227585,0.005886326,-0.0068721515,-0.03480188,-0.016116936,-0.017694725,0.034626428,0.011317542,0.004878821
INHBA,-0.0005818675,-4.4656576e-06,-0.03551176,0.00085366005,-0.025491463,0.046396423,0.060804043,0.00086529116,0.057319086,-0.016304646,0.00855706,-0.0008206111,-0.023890583,-0.028822657,-0.042674735,-0.013920312,0.0535959,0.08211711,-0.03934981,0.00443709
INHBB,-4.921329e-06,0.023310425,0.0050413013,0.017370796,0.024865773,-0.016787095,-0.033595596,-0.03555086,0.037673637,0.012758254,-2.1501422e-05,-0.011229782,-0.017259853,-0.024101004,0.030562451,-0.008465755,0.008053071,0.006718628,-0.042823214,0.018527813
INS,0.052597333,0.001438082,0.013136332,-0.030514613,-1.9086185e-06,0.023793675,0.0015265432,-0.0037003167,0.029404787,-0.007526178,-0.0054684775,-6.5756143e-07,0.0051682414,0.012442821,0.04441615,-0.058089785,0.0034715624,2.1045676e-06,-0.02674919,-7.916363e-07
INSIG1,-0.0010227386,-0.019025905,0.016559346,0.018659065,0.010572773,-0.016533848,-0.037230317,0.0112366695,0.02641431,0.022107093,5.0581107e-06,-0.014038545,-0.00828524,0.052049097,0.011367567,4.1188076e-05,0.009598066,0.06046304,0.0038084756,0.0071114413
INSR,0.0032693958,0.0010439212,-0.0018446458,0.019553458,-2.7568674e-07,0.006946728,0.037774764,0.0042817253,0.054946892,0.0041652243,0.010624134,-0.0076573924,-0.00790948,-0.0003581741,-0.015740212,-0.0010982769,-0.0028697015,-0.025617393,0.006383987,-0.007970506
IRF3,0.017317947,2.06204e-06,-0.0061091776,-0.019977463,-0.024175728,-0.007877892,-0.0014468712,-0.010297706,-0.0007798354,-0.012153934,0.011182914,0.015949538,7.0225707e-07,-0.022997623,0.0042827497,-0.03763857,-0.010495347,1.9857002e-06,0.031930964,-0.023356594
IRF4,-0.005146354,-0.0032472902,-0.0003337994,0.034772515,0.046946604,0.029586833,-0.0019857853,0.017327448,-0.0053928564,-7.6560013e-07,-0.0030671267,0.0054075057,-1.1930919e-06,0.020679887,0.019989373,-0.0070313467,-0.042808346,-0.010174019,0.0006175708,0.047550123
ISG15,-0.10701889,-0.06741035,0.048440576,0.10941467,0.021495212,0.075024836,-0.0015167001,-0.058108874,-0.028949048,-0.00033399725,0.15133613,0.062526226,-0.07728116,0.25700527,-0.08795697,0.079080366,0.05234537,8.8248174e-07,0.07216016,-0.03637567
ITGA1,1.3504783e-07,-0.011726641,-0.0058617964,0.026360717,-0.019455845,-0.0007114592,0.017462885,0.02363312,-0.0013018065,-0.038999237,-0.030335754,2.1254032e-06,-0.005342204,0.003921037,-0.03413801,0.0015969237,0.011237255,-0.016732102,-2.7023696e-06,-0.03885988
ITGA2,0.024598321,0.0020744468,-0.0065262364,-0.028148524,-0.006769895,0.032634594,0.02611883,-0.013812509,-1.6857892e-06,-0.0007105198,0.012970222,-0.012544604,-0.013154294,-2.499777e-06,-0.038112685,-0.019409321,-0.020808883,-0.038062073,-0.0020232361,0.032708656
ITGA3,0.019235834,-0.013981406,-0.007135956,0.07270752,0.015635312,0.019977625,1.9296804e-05,-2.2311338e-05,6.724529e-07,0.026938666,-0.0014960552,-0.05647952,-0.040134896,-0.015772486,0.017528467,-0.002122962,3.2793564e-06,0.018387347,-0.034134585,-0.0052251024
ITGA5,-0.014105347,-0.0368459,-0.00012751363,0.014476595,-0.002119176,-0.016345466,-0.0182729,-0.0031399534,-0.0010964106,-0.002907337,-4.1704934e-06,-0.006495955,0.0042839153,-0.00014965785,-0.034219176,0.011110393,0.083407916,-0.014452598,-0.003677777,0.04027722
ITGA6,0.00301129,-0.013994971,-7.925917e-07,0.011693066,-0.011907146,0.058462612,0.005673401,0.0047510173,0.032828137,0.043054342,0.009114715,-0.06787487,-0.07926109,-0.013389521,-0.0017638203,0.026758002,0.008427504,1.2576413e-05,-2.8574425e-06,-0.023233088
ITGA8,-0.021003444,-0.012673713,0.005215953,0.005068234,-0.0071119247,-0.014372879,-3.0382362e-06,-0.0029785074,0.008307635,-0.022753594,0.011043972,0.0068724626,5.616194e-07,0.0011755564,0.0044546216,0.00045490364,-0.0186535,0.017526936,-0.025684493,-0.026277278
ITGA9,-0.042048503,0.010312916,0.03363562,0.0029672566,-0.023175796,0.034475468,0.009673485,-0.02666994,-0.027539754,0.00083119865,-0.012871338,-0.019435773,0.027587352,0.02620678,0.025060896,0.040303495,0.02775235,-0.030358776,-0.06756036,0.00029196806
ITGAE,-0.0075673596,0.002519469,-0.025755139,-0.023767725,-0.008897995,0.014116422,0.028688146,0.017200321,0.022261938,-0.023898613,0.038389042,0.020454893,0.00033115054,0.012653751,-0.016290158,0.005759553,1.234532e-06,-0.02251232,0.006075493,-0.029606985
ITGAL,0.0040812674,-0.061464,-2.1753895e-05,-3.3025979e-06,0.011117102,0.026085513,-0.00020560704,-0.00014271507,0.0041314913,0.026448123,2.2717782e-05,0.00048864825,0.030629287,-3.1303096e-06,0.007778812,0.029805215,0.00019796658,0.027178528,0.002512152,-0.020456858
ITGAM,0.038801957,-0.030212145,0.015482261,-0.0063131438,0.019195348,-0.009718934,0.008416639,-0.01571349,-2.1891976e-06,0.0031802796,-0.03285106,-0.013628312,0.026093163,0.03041074,0.008181501,-0.0076095797,-0.014037142,0.0028740875,5.1188085e-06,0.040365964
ITGAV,-0.00447004,-0.016924778,0.0118854465,-0.024326647,-0.0027273903,-0.0016846679,0.0057878117,-0.037085425,0.021149397,0.023121456,0.016592199,0.00018279649,-0.020602524,0.018394325,-0.019433029,0.0044890563,0.034944355,-0.046547472,-0.009110403,0.021717288
ITGAX,-0.010208993,0.011658198,3.3715418e-07,0.009624089,-0.008913737,-0.03760024,0.003504045,-1.4054312e-06,0.0025788455,-0.008146294,-3.8381427e-06,-0.021823429,0.026497008,-0.03394592,0.028472912,-0.0050639044,0.030364312,0.016881201,0.0038887688,-0.008412752
ITGB1,-0.0072961454,-0.036310744,-0.030775009,-0.0129050305,0.03943797,0.033540253,0.03869297,0.014160359,0.0006479176,0.0196657,0.024013188,-0.039192047,-0.020054141,-0.029340109,-0.04319354,0.06857673,0.042162467,0.02314195,-0.008385134,0.041096468
ITGB2,-0.03175547,-5.4033085e-06,-0.02898064,0.008798419,-0.04212875,-0.015000077,-0.038430218,-0.010181771,-0.048847966,0.013980133,0.01903146,-0.013611136,0.010062701,-0.00616927,0.012635857,0.026838353,-0.007946214,1.7156004e-06,0.03675996,0.011989489
ITGB4,0.022957075,0.06526388,-0.00437093,-0.00090103643,0.0018782049,0.050917298,0.026468037,-0.0031179178,0.01059518,0.03375181,0.021318292,-0.0649532,-0.07489824,0.0010696265,0.023119751,0.015305666,-1.8273495e-06,0.03271282,-0.008615849,-0.040282007
ITGB5,-0.03116695,-0.0034343305,0.020681629,-0.058434382,0.00392134,-0.005368833,0.0042118,-0.0062426263,-0.05336985,0.02439169,0.020544488,0.0025164345,-0.055782218,0.030861026,-0.012979444,-0.00807062,0.038766015,-0.0040873843,-0.013452808,-0.012083464
ITGB6,-0.0012460246,-0.006774854,0.025296934,-0.0050691348,0.0003386204,0.027782723,-4.563874e-07,-0.034126304,-0.0032680915,0.020679256,0.03560685,-0.007045084,-0.01814752,0.0309126,-0.0053381505,-0.0061695217,-0.012517308,-0.019722002,0.023060415,-0.018906146
ITGB8,-0.0015122041,-0.00095411914,0.0151427705,0.00041803846,-0.00028582045,0.0105173895,0.014097585,-0.02316471,-0.027273685,-0.0114695,-5.811699e-07,-0.042710546,3.8000117e-06,-0.0011916327,0.023702826,-0.05764545,-0.017944103,0.014121699,-0.060886674,-0.011618244
ITK,-0.025688343,0.01060431,0.028600527,0.026468046,0.0001230429,0.00031915674,0.011840862,0.004225911,-0.0011687027,-0.013198578,-0.008557334,0.0028762086,0.048183918,-0.021419477,-0.026094927,0.00012393398,-0.015498775,0.005982077,-0.010614475,-0.013515482
ITM2A,-0.022906868,-0.00012320829,-0.013171259,-0.012041984,-0.049763054,0.03977594,2.782566e-06,-0.00010751503,0.014685198,-0.0056534037,-0.0006666093,-0.01734672,0.010567869,-0.004607949,0.036892463,-0.034987047,-0.029221471,-0.013819645,-0.013902559,-0.04045195
ITM2B,0.020404648,0.0030000317,-0.0047353655,0.043136504,0.0010190984,-0.067546815,0.01631098,0.027625317,-0.045798462,1.9559127e-06,-0.0016885258,0.053663835,0.067957014,1.5359099e-05,0.003073992,0.034933537,0.024697125,-0.037218496,-0.0016183687,-0.097576715
JAG1,0.0034603258,-0.008921719,0.0034126856,0.009649336,-0.0050645587,-0.057911526,0.0064529334,-9.229837e-07,-0.035258643,-0.01636527,-0.020956207,-0.035068918,-0.011250394,-0.022575129,0.0005798431,0.04766289,0.0026777175,-0.008874701,-0.0011002979,-0.0029460904
JAK1,-0.03557119,0.0378981,-0.002739501,-0.015240887,0.0093688425,-0.0033367611,-2.7009519e-06,0.010357201,0.027426403,0.0065211016,-0.0029344533,1.6802278e-06,-0.008956865,0.012441092,-0.016202612,-0.0077241203,-0.004403409,-0.041286677,0.013277581,-0.015066249
JAK2,-0.026353624,0.021383865,0.025128683,0.058002137,0.0019255662,0.022740688,-0.012056571,0.00803329,-0.029058523,0.018938188,1.8534104e-06,-0.01198264,0.0122478,0.0035651142,0.006127948,-0.028688192,-0.040974725,0.026984068,0.012775459,-6.8453255e-07
JCHAIN,-2.1607653e-07,-0.026849149,-0.027501108,-0.0048618424,0.05043743,-0.0023151073,0.028411178,-0.00479478,0.0060720397,0.002222975,-0.011805287,0.06331566,-0.003714992,-0.0055531906,0.028364467,-0.009601836,-0.00519945,-0.021345414,0.026834523,0.002464592
JUN,0.03478881,0.023252273,-0.039697163,0.020954097,-0.032642443,0.033309244,0.0088984715,0.022123601,-0.041121833,0.005726656,-0.014680179,-0.016634883,-2.011771e-06,-0.0044428804,-0.048686724,0.00487804,0.017471433,0.02398444,-0.001602852,0.0050907787
JUNB,0.01700333,-0.017241476,-0.044873044,0.0007376938,0.001250029,-0.013258115,0.026067916,0.003361989,-0.06583471,-6.7953997e-06,0.017512534,-0.0062067346,0.0026670485,0.0006025338,-0.0231666,0.020008033,0.008693294,-0.044327717,0.0032867044,0.0040000835
KDR,0.011958169,-0.03508013,0.0021568656,2.037347e-06,-0.01338767,-0.0057770214,0.000117903495,-0.011562842,7.488257e-07,-0.04469056,0.018755745,0.014532542,-0.03296708,0.004560427,-0.013229447,0.03634626,0.031892102,0.01931492,-0.017181035,-0.005569683
KIT,-0.0006196921,0.006787479,-0.0011141651,-0.018440366,0.007375643,0.009800875,1.469288e-06,-0.019452048,1.9074566e-06,-0.016033387,2.5306037e-05,-0.0012816311,0.0129168695,-0.011670389,-0.03710112,1.271556e-06,-0.00026946605,0.044015996,-0.014979906,0.012186762
KITLG,0.0012172299,-0.0029422515,0.0018989785,0.008154423,8.463397e-06,-0.022104256,-0.034544785,0.031658757,0.0059572915,-0.01915095,-0.01998898,-0.0084725525,-0.023399258,-3.0558006e-06,0.017661495,-0.004226803,4.33758e-05,0.03295684,0.04223721,0.027229607
KLF2,-0.02805633,0.021612782,-0.019284494,0.011926429,-0.032297235,-0.024736771,-0.021840166,0.01570825,0.03103327,-0.018573625,0.012990937,8.104619e-05,-0.004094466,-0.00018033042,1.1921769e-07,0.023013141,0.035302922,-0.020454252,0.060837988,0.009517696
KLK3,0.014549157,0.02187194,0.026226021,-0.009843607,-0.020798746,0.00029859663,-0.006143498,-0.0026340827,0.005404698,0.008109295,0.011524969,0.012015717,-0.0011049056,0.0044211294,0.008025146,-0.04147006,-0.0302965,0.0039705923,0.0012446165,0.016785001
KLRB1,0.007934084,-0.018027868,-0.018800333,-0.0048442553,-0.008688548,-0.011095489,-0.014697829,-0.019822784,0.02397822,-0.004340761,-0.056616135,0.003126508,-0.016037436,0.004917257,0.010969103,0.04141167,-0.01099224,0.012333843,0.0065242504,0.03743317
KLRF1,-0.010203623,-3.9433953e-06,0.0049241795,-0.012689468,-0.0061042355,0.019526402,0.05632579,-0.014055111,0.06597868,0.032016862,-0.0077678273,-0.016615946,-0.00022363814,-0.001127664,1.0601992e-05,-0.03467529,-0.018427769,-3.259082e-05,0.039770372,-0.018923374
KLRK1,-0.00736996,0.04947052,-0.024265675,0.022740714,-0.007212281,0.0235815,-0.045238554,-0.01085028,9.607602e-06,-0.02943464,0.00880729,-0.05936954,0.0029581974,5.280826e-07,2.1142512e-06,-0.009783101,-0.005604101,-0.002850986,-0.02960769,0.017767658
KRAS,0.044724744,-4.8421616e-06,-0.013007633,0.043033283,0.021448748,-0.0050389417,0.007943145,0.0078306515,0.05801894,-5.672147e-07,1.4603756e-06,0.009444667,-0.017003804,-0.0043244795,0.0050481576,-0.016593752,-0.0053521576,-0.010706366,-0.019324487,0.0071558254
KRT1,0.0065496974,-0.10343877,-0.042107757,0.024181018,-0.006567515,-0.055861305,-0.07154775,0.018857982,-0.13395123,-0.0040613916,-0.09207929,0.05517343,0.12758726,0.033656657,0.0037806407,-0.060915373,0.046821415,-0.0019376226,-0.013848483,-0.03740427
KRT10,-0.019468099,-0.11470746,-0.08115759,0.07145951,-0.12744945,-0.021476222,-0.073458575,0.010741033,-0.064442836,0.00068268063,-0.11383944,0.07627713,0.14685893,0.04787583,0.014298649,-0.03173916,-7.9865046e-08,-0.023773516,-0.052143782,-0.06763659
KRT13,0.025567563,-0.08698657,-0.037475307,-0.00314698,-0.0007541057,-0.007545076,0.036144637,-0.028434673,0.08298525,0.009949068,-0.017379155,0.03916804,1.108849e-05,0.0057594157,1.1418819e-06,0.011776451,-0.0009816107,-0.023076497,-0.008138315,-0.022285862
KRT14,-0.077537276,-0.043399204,0.55752456,-0.060019728,-0.060318213,-0.060543388,-0.0031806792,0.25900668,-0.07185111,0.07726649,0.1051823,-0.06317683,-0.006798518,-0.014924129,0.066198625,0.054572977,0.045051657,0.08579375,-0.063005514,0.060891196
KRT15,-1.6825096e-06,0.014942474,0.064608306,0.016993107,0.0049924823,0.046394527,0.0029778634,-0.054859564,-0.029578786,0.09013071,0.042430177,0.009709522,-0.07057685,-0.070941046,0.06606354,-0.01127772,-0.019025633,-0.0012359327,0.004310843,-0.013427322
KRT16,0.07046425,0.025713393,-0.07920084,0.06104571,-0.12541744,-0.081544645,-0.02132931,0.2506755,-0.017477494,0.12513517,-0.01444308,0.14795521,0.01763393,-0.004808867,-0.16434863,0.00026614754,-0.13300514,-0.067533456,-0.067807004,-0.033417933
KRT17,-0.0432768,-0.034375887,0.03186978,0.06001143,-0.07355534,-0.08726669,0.044015527,0.23791784,0.00978838,-3.119215e-06,-0.017656108,0.007426812,0.019407121,-0.06865051,-0.20978919,-0.09901152,-0.04407104,0.14501667,7.266734e-05,0.033884093
KRT18,-0.0023973216,4.8449556e-06,0.029530961,-7.675141e-05,0.0033400902,-0.014197801,-0.0067600184,0.007450334,0.06334238,-0.030196091,-0.03191453,0.011495707,-0.025552228,0.019907892,-0.009273705,-0.100986004,-0.03630538,0.039430924,0.066808164,-0.0039286786
KRT19,-0.04711055,-0.009572419,0.084985554,-0.0060974522,0.07076822,0.02085766,0.06256165,-0.00032491633,-0.0033204702,0.023525918,0.04339276,-0.024535846,-0.021698935,0.049127422,-0.0010155856,-0.06941789,0.09154981,-0.0024511423,-0.14672138,-0.07828912
KRT20,0.006779577,-0.014729063,0.0042190496,-0.028302984,-4.992165e-07,0.0029344384,0.014514908,0.0030797014,0.019689642,0.01141827,-0.010826601,-0.012234399,0.0052681984,0.015340673,0.008943293,0.018281426,-0.025404714,0.018479168,0.0053719957,0.00012413789
KRT23,-0.003355675,-0.0019408579,0.005572142,0.029617015,1.1334823e-06,-0.0035500943,0.014365536,0.014977656,0.032532748,0.009269868,-0.02791637,-0.00021261215,-0.005763145,-0.009102323,-0.013207069,0.0036183281,-0.011463321,0.019166725,0.01627323,0.03609483
KRT4,0.015826425,-0.019947955,0.019767676,-0.03887473,0.003855768,-4.284227e-08,-0.012451104,-0.013224287,0.043503795,0.0013099409,-0.007813603,-0.0024004076,-0.009229075,-0.0014693036,0.0005454153,-0.039912757,0.004011006,0.0023560887,-0.009901997,0.017060451
KRT5,0.24609333,-0.11029241,0.43074426,0.10490823,-0.16606429,0.081165075,0.114322856,0.093711056,-5.988743e-06,-0.018617716,8.8587425e-05,0.07740519,-0.057307865,-0.0607027,-0.00046362824,-0.009584989,-0.1476117,-0.11929876,0.08419492,-0.06384897
KRT6A/B/C,0.13150205,-0.014206444,-0.018435702,1.3108873e-07,-0.16943878,-0.16346742,0.09738797,0.25848603,-0.010735299,-0.13445549,0.106796935,0.050244622,-6.0166855e-07,-0.024422942,-0.028598001,0.029824633,-0.0318919,0.080703594,-0.1732746,-0.024897331
KRT7,-0.032409735,0.0011223467,-0.017131675,-0.013615239,-0.07098664,0.061514214,0.041079335,-0.006319607,0.004899334,-0.030818967,-0.037850447,-0.0078816,0.0061553298,-0.013435119,-0.010312217,-0.019076003,-0.008693693,0.011793096,9.224286e-06,0.00067979953
KRT8,-0.012023044,-0.0020719366,0.010462133,0.02869515,0.009566514,-0.0006765111,-0.01697383,0.011019573,-0.007063723,-0.0150357615,-0.023456668,-0.010665075,-0.022979343,-0.0005356713,0.0057999888,-0.03609227,-0.009170642,0.079786964,0.0109362025,-0.07102991
KRT80,-0.04957915,-0.077258,-0.023309367,0.0018399958,-0.007817414,-0.036861185,-0.041079696,-0.02846425,0.004537797,0.027718008,0.022316158,0.009572832,-0.006330026,-0.0030697691,0.022977352,-0.021108845,0.025416158,0.008501162,-0.026802465,-0.021180052
KRT86,-0.009183775,-0.029077262,0.00991192,-0.043439824,1.1962569e-05,0.02363385,2.2353669e-07,-0.0051714676,-0.033617597,0.005805004,-0.003242751,0.011905863,-0.0025588614,0.034607586,-0.04640023,-1.8236269e-06,-0.016605373,-0.020398434,-0.0073141656,0.061213695
LAG3,0.006729639,-0.006197263,-0.004833325,0.032396123,0.019989539,-0.0062990463,-9.505851e-05,-0.0020691766,0.026337968,0.018983854,-0.042836737,-0.0032951355,-0.012840519,0.02363798,0.009763479,0.016554255,-0.020620493,-0.0029932559,0.0031678346,0.012953141
LAIR1,0.0012887035,0.02259367,-0.0026836502,0.01041702,0.03294119,-0.027916666,0.030037131,0.0045966674,0.018502556,0.011868652,-1.3632811e-06,0.016844315,0.0041561993,-0.013091624,0.0055589434,0.022577088,-0.020987267,-0.027062008,0.0049667195,0.0138547495
LAMA4,9.451485e-06,0.035760332,0.027999211,-0.00056233944,0.022096341,-0.028055726,0.031022977,-2.4509362e-05,0.071077265,-0.029002037,-0.0034666634,-0.0035947766,-0.0009781854,-0.0029109356,0.009048574,-2.4998497e-05,0.01175445,-0.0092997635,-0.029541159,0.0066645727
LAMP2,0.011669495,-0.010572014,0.0031665324,0.0063525634,0.017095264,-0.0059325485,-0.013816309,0.024585448,1.1847093e-06,8.7922933e-07,-0.02979539,0.00025331017,0.035998195,-0.0074005555,-0.0036525838,0.015060201,0.0030438295,0.008048849,-0.04260217,-0.01790519
LAMP3,0.0015797652,-0.00711298,-0.0025792685,-0.048070043,0.0076141083,-0.014678867,0.063316256,0.016321123,0.06263823,0.016889248,-0.0014448541,0.016804045,-0.012488251,-0.008700778,-0.041889284,0.006675823,-0.021854768,-0.042018868,-0.018532766,-0.030296504
LCN2,-0.11502725,-0.027874146,-0.04036523,0.051859003,-0.06073989,-0.02512892,-0.007575766,-0.15014179,0.11219353,0.044312995,0.14427897,0.08915531,-0.07621658,-0.015953343,-0.07649531,-0.08555758,-0.020915022,-0.06090803,0.022057857,-1.4174947e-06
LDB2,-0.029570114,-0.003500813,0.024000008,-0.019692192,-0.017162317,0.000613791,0.0017284243,-0.02231727,0.016901495,-0.018151969,-0.0063906587,0.013928411,0.0224364,-0.00027719213,0.008011157,0.03913943,1.5717347e-05,-0.0053523527,-0.030450206,0.0028287
LDHA,0.048958864,0.0025687949,-0.0047524767,0.017057372,-0.015420273,0.06883095,-0.018679831,-0.02688928,-0.046115734,-0.0010706424,0.026580833,-0.042024594,-0.015096206,-0.02902889,-0.038939297,-0.029507734,0.009082719,0.024229474,-0.028533468,1.07569406e-07
LDLR,0.008803034,-0.029039867,-0.004159969,-0.0026615576,-0.024874652,-0.017505618,0.0020444826,-0.03155573,-0.028452031,0.01625964,-0.0028804257,0.0026092662,0.0056755664,0.012779213,0.05118127,-0.0056009274,0.009539364,0.029316127,-0.008476564,-0.03624121
LEFTY1,-0.013888475,-0.02638279,-6.5581145e-05,0.038046338,0.025637405,-0.012619594,-0.01588817,2.5659133e-06,0.031510733,-0.024257457,-0.0013500395,-0.027047189,-3.8848834e-06,-0.030831896,0.037501495,0.052094948,-0.0043311347,0.034393467,-0.097494595,-0.0020373254
LEP,-0.013031787,-0.00040358715,0.015067813,-0.038004037,0.00030044548,-0.0134356925,0.021374898,-3.0399785e-06,0.017770743,0.00025375452,0.0016247927,0.0038825688,-0.014025036,0.027327983,0.027429396,-0.0016650505,0.022708694,-0.01872488,-0.017404037,-0.03834401
LGALS1,-0.0023612927,0.0039391727,0.004330889,-0.08754233,-0.031703573,0.037907418,0.15294833,-0.049888052,-0.08669652,0.009500425,0.022993065,-0.008635136,0.028325314,-0.08359489,-0.060548004,-0.014285307,0.19318755,0.05296727,0.15760387,0.09402415
LGALS3,-0.028525367,-0.032946594,0.005680903,0.0031029093,-0.0041118893,4.4332435e-07,-0.036203243,-0.03733121,0.018820165,0.0228052,0.024082877,-0.05550371,0.08072636,-0.044350628,0.0009994623,-0.015283865,0.0068003475,-0.025740243,-0.028374216,-1.1758127e-06
LGALS3BP,0.021732336,0.027278814,0.009830849,0.037291065,0.0019950331,0.015755061,0.011131689,-0.009527348,0.011643979,0.0024827789,0.0055793333,0.011786445,-0.025013331,0.0022111135,-0.044432815,3.0269598e-06,1.4664432e-06,-0.036757894,0.024774384,-0.012755003
LGALS9,-0.0011890025,-0.0026328948,0.022269009,0.036230918,-0.012951091,-0.017503569,-0.00950255,-0.005720953,0.070756055,-0.05831564,0.035345793,-0.0022974834,0.012273613,0.0018217028,0.036624737,-0.0016804377,-2.1784763e-06,-0.0065714526,-0.021168202,1.5825741e-06
LGR5,-0.04128248,0.0005412743,0.027588073,0.01119633,-0.037575986,-0.0044013425,-0.00846256,1.6426502e-05,0.047859434,-0.016457507,0.0048821233,-0.006827211,0.031059679,-0.028509716,-0.020449571,-0.02480811,-0.042160973,0.025768284,0.033954304,-0.00042423533
LIF,0.02135554,0.04435072,0.016920501,0.019612439,0.015090986,0.009967769,-0.0059215426,0.004398049,-2.3386833e-06,0.050344583,-0.043129273,-0.00486174,0.011290194,-0.014475233,-0.003550778,-0.008880678,-0.049611468,0.013173773,0.019059679,0.020837143
LIFR,-0.006112598,-0.0004552992,0.030754928,-0.021031316,0.018538605,-4.077699e-06,0.028057164,-0.022308301,0.007101444,-0.00019291167,-0.012589832,0.008798548,-0.022894885,0.015377236,-0.010574139,0.009827669,0.0025646747,-0.010739896,-0.012000597,-0.036871888
LINC01781,-0.0009957355,0.02604471,0.0319242,-0.035946473,-0.0022882284,-0.013119895,-0.025130173,0.009722142,0.0047257794,-0.0056919013,-0.031095343,0.011551775,-0.053542733,0.025892705,-0.009429147,-0.05288625,3.328719e-06,0.003930611,0.0057698726,0.008795989
LINC01857,0.0023217176,0.0013917056,-0.017425627,-0.0304085,-0.02152191,0.00013017013,-0.03306661,-0.02107016,0.017786296,0.030141208,0.011990969,0.04129218,-0.048964795,-0.01991979,-0.014973655,0.04380608,0.0065492075,0.019298462,0.015123093,-0.032806598
LINC02446,-0.003542988,0.034573693,0.012069899,8.493991e-07,5.1916657e-05,-0.009022355,-0.007867547,0.012461423,0.012311695,0.012043525,-5.6157637e-06,0.0073879682,0.013190598,-0.009217505,2.585906e-05,-0.048785824,4.3448446e-07,0.05023488,0.03079232,-0.028474882
LMNA,0.012604413,-0.067079045,0.0005107681,-0.06332237,0.02530963,-0.047317505,0.0016582981,0.018322626,6.215626e-05,0.010118101,-0.009905676,-0.0030381742,0.022926584,-0.04736554,0.04244773,0.0016621922,0.034918804,0.00062566606,0.025520349,-0.02333772
LPAR5,-0.001995002,0.03510362,-0.038988154,0.0320566,0.00036673603,0.040510137,-0.0018540152,0.0123517625,-0.06353385,-0.026519027,-0.006493144,0.01191406,-1.3550581e-05,-0.011484673,-0.010974673,-5.2324494e-06,-0.030962152,1.5102313e-05,0.01645416,0.017954547
LTB,0.012855063,-0.00021749818,-0.033756986,-0.004564108,-0.007697673,-0.00013046867,0.006877681,-0.00080221717,3.7534423e-06,0.019442167,-0.056389067,-1.9875865e-06,0.022331564,0.020996967,-0.004970753,6.0660277e-06,1.876456e-05,0.046942193,0.01907148,-0.023315247
LTBR,0.036396187,-0.041974664,-0.020405855,-0.0052248086,0.00017171558,-1.1516188e-06,4.6157998e-06,-0.0027168568,-0.048935745,0.0025975928,0.009578622,0.008858821,-0.023960758,0.02312359,0.0064715846,0.017087175,-0.011123685,-0.03617926,-0.022327572,0.010646324
LTF,-0.022011496,-0.03630082,0.022552533,-0.051086586,-0.007495657,0.010043788,-0.012099862,-0.005182262,0.055647753,0.019041,-0.0075900825,-0.021734506,-0.0057192305,-0.0041275322,-0.037448935,-0.019357136,-0.004726334,-0.017775487,0.0018645539,-0.028902646
LUM,0.057687327,0.03563016,-0.00024114906,-0.048270527,0.04590876,0.010703668,0.02623908,0.0009131559,-0.020650284,0.06756853,0.02710123,0.033014957,0.032695446,0.038274433,0.055924747,0.008188595,0.04428444,0.049986936,-0.011955845,-0.011148431
LY6D,0.052757632,-0.0844803,-0.017439555,0.015403418,-0.041977104,-0.04980912,-0.09773473,0.00732211,-0.050078366,-0.006189894,-0.0076080346,0.08646834,0.042674158,0.0078000664,-0.0139551265,-0.028468007,0.015777983,-0.07709573,-0.06445534,0.020414706
LY75,1.1767788e-06,1.5921203e-05,-0.00036932537,-0.00850739,0.012026251,0.00040689352,-0.023506667,-0.003929665,-0.009043033,0.019707417,-0.016195446,0.0029294752,-0.0010527608,0.017829236,0.010301908,-0.0015163838,0.013084232,0.017753063,0.013389495,-0.08453589
LYN,-0.014135117,-0.043941706,-0.010241743,-8.7506734e-05,0.0017338799,-0.015020594,0.012653018,0.0028987275,0.0010246153,0.004525943,-0.024307765,-0.012671877,-0.02029244,-0.0063719847,-0.02529953,-0.030712953,0.021967858,-0.018055815,-0.02327184,0.0143587785
LYVE1,0.011109143,0.010461756,-0.0053337435,-0.044853915,-0.013469123,0.006760297,0.00634417,0.014787425,0.031760678,0.021591522,-0.004132078,0.019871026,-0.019025184,0.026790775,0.004385318,0.044600006,-0.0054895747,0.016042668,-0.010097574,0.021630958
LYZ,-0.03528692,0.007892306,0.006272864,-0.034888335,0.111897446,0.03868454,0.074214764,-0.026386138,0.13137375,0.11661974,0.06753868,-0.054506864,0.09767505,-0.056196786,0.07298832,-0.0010782906,-0.07528708,2.2311187e-06,-0.012034741,-0.0054754
MAF,0.022248756,-0.010883344,0.020898724,-0.022066684,-0.016329184,0.031697024,-0.001364317,-2.532384e-06,-0.007247745,0.030282682,-0.011928243,0.027749518,0.0033094718,-0.04431573,-0.027335586,0.0056796367,0.03332525,-0.02599721,-0.058345076,-0.056401264
MALAT1,0.06690738,-0.11006466,-0.027521245,0.18707277,-0.13771993,0.19180007,-0.06286599,0.08549438,-0.01452382,0.27133656,-0.00021387517,-0.06811526,0.0075000203,-0.19152287,0.13335785,0.016393919,0.13669363,0.00016095024,0.094543904,-0.068188034
MAML2,-0.017594082,-5.608674e-06,0.027038638,-0.02600138,0.020521324,-0.008902795,0.004183539,0.017575065,0.055729557,0.022225276,-0.021800002,-0.008905209,-0.0010768097,0.0034095442,-0.0027632376,-0.021431735,0.0047728475,-0.020125145,-0.0025620935,-0.018103639
MAP1LC3B/2,-0.0053655887,0.005055749,-0.039421495,0.012116841,-0.012128019,-0.0026790197,-0.033808313,-4.0216382e-06,0.0030425526,0.0013968179,0.023245886,-0.0076066987,-0.023837948,2.99532e-06,-0.019957967,-0.0085843075,0.009119827,0.02571624,0.038430296,8.267477e-06
MAP2K1,-0.036666676,0.008499426,0.008984149,0.005753159,-0.000478174,0.012863818,-0.0019928971,0.014992159,0.015142673,0.02592846,0.010139689,-0.022690792,0.042320125,-0.008731666,0.024164535,-0.020549038,-0.009194777,0.021347966,-0.017488847,-0.0054810327
MAPK13,0.011346856,-0.0042367587,0.0011539309,0.021059066,-0.01429367,-8.976666e-05,-0.06238402,0.019512948,0.0028177614,-0.05046023,0.013426928,0.027376298,0.024929915,0.02767312,0.01753663,-2.479313e-06,-0.0097256005,0.01740516,6.0892958e-06,0.00012611978
MAPK14,-0.007742303,0.03176046,0.0024687098,-0.021029728,-0.02568881,-0.011185759,-0.018691197,-0.018026501,0.00610046,-0.0118549755,0.028424997,-0.0005098569,0.025068173,-0.035088014,7.676501e-06,-0.0006929973,-0.016889807,-0.029946012,-0.008043376,0.0072392304
MARCKSL1,0.020883037,0.00023906578,-0.002063011,-0.061153952,0.040958256,-0.01587442,-0.005103148,0.015979577,-0.028388964,0.015379619,-0.018157315,-3.6184506e-06,0.015843038,-3.1925712e-05,0.007885382,-0.012738168,0.046079494,-1.6578549e-06,0.0010654232,-0.0047515705
MARCO,0.0027835518,-0.00038776427,0.01711677,0.010607756,0.013995329,-0.014323052,-0.0057887468,0.004042568,-0.015144742,-0.002552871,-0.023928953,0.008130328,0.022623902,0.0049380357,0.008530005,0.005873522,4.0454815e-06,0.007949236,-0.024394065,0.0096219955
MB,-5.974702e-07,-0.008943828,0.00081268867,0.042271346,-0.0013216044,0.0005375983,0.0010130075,-0.00026197184,1.5442201e-06,-0.024268942,-0.022787714,-0.06524167,0.04053895,0.020575585,-6.255389e-05,-2.4220335e-06,0.0039782664,0.016567994,-0.03199418,-0.030491615
MECOM,-0.0056049237,0.027645787,-0.0033352324,-0.045929894,-0.040021207,0.01290924,-0.016650148,0.004715925,-0.018808573,-0.0025804734,0.059969064,-2.0015575e-06,-0.015944952,7.432273e-07,-0.0002821603,-0.030200986,-0.019489508,0.029343273,-0.0055160434,-0.007212386
MEG3,-0.033983063,0.015750555,0.011776601,0.0012665426,-0.051509216,0.01627764,0.0015781261,-0.05067191,-0.004492524,-0.0032754862,0.0065880152,-0.014352009,-0.01030823,8.50334e-07,-0.012396163,-0.03540259,-0.002765741,0.013051911,0.008807067,0.0152331
MERTK,0.002473873,-0.033503897,-0.0074832765,-0.017974962,-0.0025890572,0.010042266,-0.0012919335,0.0062102405,0.0039315107,0.009698175,-0.003414885,0.0096210865,-0.025744196,-0.002452355,-0.00030355988,-0.002090901,-0.018047245,0.0030376012,0.034897197,-0.048974276
MET,-0.022673845,0.018931685,-0.003786709,6.54475e-05,-3.350735e-06,-0.019892115,0.00023441546,2.0245568e-06,2.8192728e-06,0.024889262,-1.7165002e-06,-0.011462309,-0.00456946,-0.0080495775,0.012836886,0.0017528072,-0.0008403479,0.024447167,0.010763925,0.02590516
MFAP5,0.0038640462,0.03125755,0.031027695,0.011073885,0.015694115,0.010003549,0.020155001,-0.0072854445,-0.00040862878,0.04349031,-0.049392447,0.022791075,0.031839576,0.0030135966,0.0016142875,0.016837317,-0.0065625166,0.020248186,-8.708308e-08,0.03183407
MGP,-0.0025550255,0.103126004,-0.014165866,-0.048272863,-0.021576565,-0.044409037,0.054965146,0.009307421,-0.009090543,-0.062850066,0.08287022,-0.022882683,-0.037119757,-0.029659955,-0.02025814,-0.015939165,0.082353115,-0.10135761,-0.034837365,-0.072894625
MHC I,0.10026924,0.03442051,0.0075679505,0.039939743,0.017308706,0.041010693,-0.0052071987,0.04052848,0.057814583,-0.099798106,0.12211801,3.8468275e-05,0.16437998,-2.211986e-08,0.029213928,0.062617026,0.049072217,-0.037980992,-0.031631734,-0.03810476
MIF,0.03866051,-0.03010757,-8.754832e-08,-0.05029077,-0.006689758,-0.01272936,0.020961931,0.0054996754,-0.117941774,0.006722373,0.0071536563,0.011592017,-0.00976191,-0.034294125,0.004767029,-0.012018809,0.037997086,0.03540377,5.6962577e-05,-0.09063394
MIR4435-2HG,-0.0022094597,-0.02226844,0.0063552014,-0.021078773,-0.00045515696,-0.012181386,0.022652194,0.024405433,0.025169494,-0.0069288407,-0.002011374,-0.006466258,0.003262719,0.016334627,-0.00477981,0.04850535,0.0003816595,8.8192755e-05,-0.01526581,-0.014764243
MKI67,-0.008940028,-5.206325e-07,-0.019795591,-0.00816117,-0.028400937,-0.00025934287,4.06243e-06,0.0014556412,-0.041771658,-0.02142209,0.03682492,-0.0105962735,-0.02180161,-0.00913434,0.0022047763,-0.04478248,-0.0144927325,3.082865e-07,0.036804073,-0.020495798
MMP1,0.26048824,-0.0063840356,-0.10864585,0.07307707,0.12777996,0.1759897,0.031199755,-0.03395025,0.000566146,0.02345274,0.077717684,-0.05438766,0.07271413,0.032676276,-0.081041574,1.7360779e-06,-0.045139562,0.025501423,-0.108988136,0.26752734
MMP12,0.029665694,0.046877466,0.011287326,0.08119301,0.07362457,-0.0740978,0.038314883,0.032934465,0.017172651,8.9226876e-07,0.028995892,-0.00063115003,5.7801158e-06,-0.03716652,-0.010570686,0.018753834,0.048617523,0.008742875,-0.011018781,0.02510087
MMP14,-0.0051726266,0.031200992,0.032804377,-0.0107529415,-0.0013013411,-0.0011281058,-1.3621767e-06,-0.00062307547,-0.010264234,-0.0070466227,0.038151976,0.015630538,0.002872249,-0.008827397,-0.018933862,0.036689796,0.01426373,0.04985157,-0.039108742,0.04025419
MMP19,0.0055668233,-0.021181712,-0.01059673,-0.01583281,-0.009751748,-0.00992387,-0.013529022,0.0023168754,-0.0034352762,0.019099081,0.011918159,-0.000636139,0.011664418,0.0029014188,-0.0018507713,-0.02340449,-0.0005318593,-4.5684146e-06,0.066215575,-0.00026730113
MMP2,0.04083143,-0.0059290803,-0.013997423,0.0022696708,0.013698542,0.06402073,-0.0047272067,-0.007866409,-0.017877087,0.020949088,0.0043694978,0.045672726,0.00017451274,-0.0037114406,-0.011085223,0.009150722,-0.010605092,0.041305695,-0.0033217813,0.01997934
MMP7,-0.03151524,0.030655304,0.065177634,0.06072581,0.06384913,-0.055454187,0.06857317,-0.0053857765,-0.02269271,0.08605134,-0.052073017,0.028944444,-0.018134532,0.005587149,-0.03885364,-0.04464059,-0.014860796,-0.08133608,0.025550866,0.025597898
MMP9,-0.047309723,0.057545125,0.0047136154,-0.012486159,0.006200868,-0.022181226,0.012870586,0.11386282,0.075837314,0.014477162,0.08399097,-0.0994463,0.024937926,-0.032696906,-0.01081679,0.035210866,-0.014171275,0.07300993,-0.007717052,0.02370367
MPO,-0.005029368,0.001202784,0.010733393,0.014218121,0.025810638,0.022431146,0.024037817,0.006875083,-0.0012974103,-0.040390708,-0.015557467,0.0031438216,0.004597755,-0.020684933,0.009212576,-0.008960213,-0.0036224814,1.3698725e-05,-0.035183914,0.007196412
MRC1,0.015105314,-0.03911931,-0.0019395697,-0.025456216,-0.0025507961,0.0044806246,-0.0016152118,0.008869273,0.007034563,2.8016123e-06,4.070052e-07,0.01362912,-0.011188552,-0.0113267405,-2.5307563e-07,-0.012853371,0.018959174,0.048070572,-0.009960018,-0.014415591
MRC2,0.012727874,0.044182792,0.008364303,-0.028159853,-0.0010275032,0.0040942323,0.008045134,0.0077773943,-0.040472403,0.029434249,0.037724454,0.009952848,-0.017262392,0.02053402,-0.0086422535,-2.2067003e-05,0.027213657,0.039002866,-0.029576918,-0.00684397
MS4A1,-0.011825516,0.018264461,0.0044155954,-0.0019568077,-0.020846497,-0.0023007225,-0.020933198,-0.022381023,0.006426785,0.008305817,-0.0016811466,-0.04032597,0.006317681,0.022831436,0.028479312,-0.0026504712,-0.020964827,0.018226124,-0.014610269,0.004330526
MS4A4A,0.0036271852,0.0145800905,0.03673353,0.022131896,0.027938418,0.0045626587,-0.011135344,-0.0017593745,0.018063184,-0.0061291577,-0.008988752,-0.020078463,-0.03785324,0.030170672,-0.0039643194,0.0032314654,0.012572203,-2.223295e-05,0.022013504,0.046087895
MS4A6A,-0.018053368,-0.011665361,0.012555067,0.026922386,0.014380378,-0.017848067,2.732736e-06,0.0024444165,0.026337733,0.0015697634,-0.018849123,-0.030726539,0.049126014,-0.009568368,0.011372479,0.020801887,0.0025967138,-0.0023934962,0.005537024,-0.012200494
MSMB,-0.022391586,-0.008157746,0.00936662,0.0077259974,0.010385268,0.015348388,-0.032597154,0.009062056,0.01933608,0.03052609,-0.005090238,-0.017047722,-0.04335986,-1.4575824e-06,0.00046142272,-0.024394816,0.00047671187,0.00036870848,0.046007402,-0.02264642
MSR1,1.5320943e-06,-0.014750616,0.057623778,7.5360886e-06,0.00021872809,-0.013855943,0.002589564,-0.034318022,0.012658008,-0.056268025,0.021398354,0.015705952,-0.00081310497,0.0033112643,0.0011694859,-0.056822408,0.020075692,-0.010189403,-0.011955529,-0.012260915
MST1R,-0.011580214,-0.004027448,0.010277027,0.0112952255,-0.020016972,0.021838501,-0.011764732,0.008489899,0.00071811175,-0.0018123554,-0.0035608334,-0.027582493,-0.0050468887,-0.0053780302,0.04500702,-0.015101253,0.006047195,0.012623233,-0.031082176,0.031261567
MT1X,0.016336938,0.046299476,0.008335883,0.0048667383,0.023012223,3.739385e-07,0.00638103,-0.003134377,-0.009379229,0.029622285,-0.0283534,0.025677264,-0.021568198,-0.0024880997,-0.026884742,0.020775378,-0.014624635,-0.033097792,0.023327986,0.012563876
MT2A,0.104886554,0.01048066,-0.04341879,0.05287657,0.015728246,0.0014514318,0.042075973,-0.0361064,-0.02561367,-0.11030006,0.0705614,-0.04486068,-0.009821168,0.029542886,0.06021148,0.04245301,-0.042834125,0.20685722,0.089230664,0.006932359
MTOR,-0.017741168,0.0007440511,0.009118764,-0.057798646,0.0042597647,-0.014811334,-0.012113089,-0.011582713,-0.025994157,4.098103e-08,-0.04400979,-0.024796546,-0.05819441,0.042751245,0.020373829,-0.008975807,0.00011560919,-0.0028566646,-0.019963853,-0.012231106
MX1,-0.012347862,-0.037396796,0.017165199,0.11385241,0.025671031,0.03591757,0.020314533,1.4845974e-06,-0.09395755,4.2981183e-06,0.021488905,0.067519516,0.021875193,0.1301568,-0.049708936,0.053198554,0.0039196014,-0.00055752986,0.026724257,-0.035094224
MXRA8,0.02391844,0.032304592,0.024644464,-0.01733179,0.015530525,0.025064299,0.0123537155,0.004062829,7.861739e-06,0.005374256,-0.036559038,0.0064988644,0.06088202,-0.0023198528,-0.0022322235,-0.027357522,-0.023656579,0.0020397613,-0.00019592022,0.029636923
MYC,-0.0018166968,1.8049835e-06,-0.018871728,-2.7568217e-06,-0.037743457,0.004708255,-0.00022039878,-0.023972921,-0.08043486,-0.05076502,-0.0003028086,0.012554605,-0.052809455,0.024104513,-0.010771248,0.022162516,-0.012168862,-0.0006745781,0.0027165152,-0.0056298706
MYH11,-0.045471277,-0.027415002,-0.007607066,-0.0041193846,-0.06225158,-1.907226e-05,0.021397736,-0.024595806,0.005339785,0.035759494,-0.09217548,-0.0035538818,0.0005059059,0.0009986795,-4.454364e-06,0.025341496,0.025820429,0.0059684757,-0.025216592,0.031759847
MYH6,-1.8161604e-07,-0.010506028,0.014576034,-0.021405485,0.010371082,-0.018239519,-0.02609852,0.014112241,0.0003858306,0.005740037,-0.0074377023,-0.007846781,-0.018908098,0.031067917,-0.025972618,-0.026942221,3.0399942e-06,0.0009717777,0.039919328,0.020315861
MYL12A,0.000106803505,0.013012119,-0.0052734804,-0.037383765,-0.002075221,0.0361225,0.022035081,-0.0032078796,0.020122517,0.05021899,-0.0012298239,-0.020459028,0.006364303,0.014173203,0.052056924,0.017301206,0.051172234,8.6022585e-05,-0.020390308,-0.023542652
MYL4,3.375346e-05,-0.032415878,-0.0031341931,-0.0046363184,-0.03946347,-0.010573893,0.012237612,-0.016616598,-0.011212668,-6.258921e-07,-0.019556003,0.011161276,0.03419077,-0.022336228,-0.009413544,-0.0023677375,0.0053937915,0.021612098,-3.57483e-06,-0.045278955
MYL7,-0.014679173,0.047189426,-0.016705759,0.0012728209,-0.0026713766,0.01470895,-0.030923638,-0.0058034337,-0.02145771,-2.8370048e-05,0.024982486,-0.0002568178,-0.02806581,-1.6513058e-06,-0.0073145926,-0.039717324,-0.031818636,0.028400736,0.0324727,1.1744157e-06
MYL9,-0.04968286,0.005624392,-0.06117493,0.017080441,-0.07671736,0.016114531,0.0368131,7.08695e-05,0.046768036,-0.019652646,-0.02917499,-0.03226098,0.045804277,-0.015137672,0.028009072,0.11951821,0.04475426,0.0022034615,-0.0376547,0.009797399
MZB1,1.1455782e-06,-0.0058487304,0.0024707906,0.043165717,0.09521525,-0.005133122,0.0001881422,-0.0023046674,-0.010345368,0.0011077079,-0.011051644,-0.0036821042,-0.004862985,-0.010571319,0.05411693,-0.045818646,0.0594892,0.008228033,-0.014118005,-0.05377281
MZT2A/B,-0.0018715902,-0.052461576,0.025839947,-0.03067422,0.0002872013,-0.025498452,-0.0022651176,-0.027548289,-0.043971896,-0.007806707,-0.0015667158,-0.043667927,0.016636731,0.0064579817,0.05714465,0.0020177593,-0.032235462,0.046880506,2.0390014e-06,0.019395936
NACA,0.039028954,-0.057729885,-0.0077353697,0.010591942,0.023864077,-2.1421135e-08,0.0033582158,-0.0019112468,-0.028650641,4.023592e-07,0.023711061,-0.021052422,-0.035433363,0.0122554675,0.027816538,0.017316263,0.003957182,-0.029212138,0.057270557,-0.033354655
NANOG,-0.015454227,0.013203295,-0.0017768639,-0.01862611,-0.027017435,-0.0007106946,-0.0050288667,0.009816965,0.009301526,-0.0011054586,2.2445824e-06,-0.02654095,0.0060704257,-0.019693421,0.010248288,-0.00920716,-0.035433155,0.01281376,-0.004393671,0.0045222263
NCAM1,-0.01624625,-0.020072276,0.013980438,0.010259794,1.3747083e-06,-0.033259623,1.7095899e-06,0.024170868,0.056977607,0.014155095,-0.02681517,0.00884854,-0.053606886,0.034142207,0.0030953703,5.018234e-06,0.048900835,0.034685273,0.034009594,0.00016403077
NCR1,-0.003445302,0.014596541,0.015513121,0.022787329,0.0025561526,-0.003035323,0.03574248,0.005908865,0.047174558,0.010292533,0.013163516,-0.0015303132,0.0018993354,-0.012563301,0.0073381946,0.0067331097,5.8523845e-05,0.017634878,-0.055453815,1.659977e-06
NDRG1,0.16451737,0.054327946,-0.035958145,0.028548144,0.04062012,0.20324035,-0.01477627,0.10149492,-0.026506573,0.11156939,-0.014049128,-0.08077344,-0.041520692,-0.080195226,-0.18563001,-0.099844456,0.16344325,0.049570963,-0.17399359,0.013481114
NDUFA4L2,-0.0008765796,0.05037391,-0.030470522,0.00095194264,-0.026410373,-0.017307207,-0.047663294,0.051801927,-0.038824495,-0.0362395,0.015276931,-0.03191702,-0.011167013,-0.03144647,-0.031626537,-0.013295821,0.03278056,-0.02514661,-0.024420463,-0.053391304
NEAT1,0.01763089,-0.10882871,-0.008802147,0.10300463,-0.02660389,0.053346414,-0.019716877,0.011041615,-0.07944516,0.1323799,0.019685851,-0.0025029993,0.0048257634,-0.13116759,0.02864931,0.014305159,0.01106898,-1.4394465e-06,-0.019347852,0.0061847568
NELL2,-0.0050471746,0.050087843,-0.012201974,-0.015512391,-0.012465355,2.8471482e-06,1.9079787e-06,0.010384035,-0.036493868,0.029014021,0.014351862,0.0037076164,-0.0034083966,-0.005335994,0.025927775,-0.020457106,-0.0024142899,0.020596553,0.028313175,-0.04266881
NFKB1,-0.0060280124,0.0017481876,-0.006457237,0.0006461077,-0.0017075553,-0.0038549919,0.0071526207,-6.99223e-07,0.04445233,0.015627647,-0.032219876,0.034652326,-0.018802982,-0.012295352,0.012257777,-0.00159393,-0.0016638994,0.011841049,-2.3172481e-06,-0.041844912
NFKBIA,0.00020969854,-0.008271861,-0.037447825,0.0037401062,-5.7745197e-08,0.00740718,0.077412814,0.00050621416,-0.002997879,-0.0044710683,0.030396156,-0.012362409,0.0019309312,0.0049823853,-0.0003144888,0.009240263,0.033752955,0.025379417,0.00864986,-0.00017020367
NGFR,-1.04312804e-07,0.054550827,-0.0023497755,0.038263664,-0.0017915,0.0018044772,0.028702468,-0.0044380156,0.021504397,-0.024033474,0.009972322,-0.016241116,0.02287858,-0.014135557,-0.01270007,-0.0073837927,-0.008036887,-0.034872744,-0.035571937,-0.03936285
NKG7,-0.0065285508,0.0075826636,0.004838301,0.009388119,0.0132377725,0.010398604,0.0033991928,-0.0068989065,0.008915239,0.030326147,0.042531837,-0.029551873,0.0021221845,0.018561464,0.026837932,-0.011046634,-0.004095226,0.012151554,0.0068586557,0.01788783
NLRC4,-0.014977357,-1.1013729e-05,-0.039994396,-0.02120077,-0.010792661,-0.007863032,0.012951946,-0.008365165,0.008153008,0.019111421,-0.007288878,0.03863194,-0.025948694,-0.005124573,-0.008160865,-0.013711539,0.024810428,0.016371174,0.027437862,1.9942716e-05
NLRC5,-0.010007812,-0.019021073,-0.017453026,-0.002717468,0.022456098,-0.002958797,0.032280542,2.7819901e-06,-0.01888165,-0.008303304,-0.021897735,0.016089605,-0.0075456924,-0.022332218,-0.01595504,0.02268228,-0.0127213,-0.019503836,0.012923819,-0.037243564
NLRP1,-0.00045300537,0.023176117,0.017645972,-0.05660319,-0.03794832,-0.000113673574,0.020743312,0.022685384,0.02166378,0.03427918,-0.023179704,-0.01732161,-0.016985241,0.027231796,-0.004184355,-0.0053998656,0.00255538,0.015080308,-0.0007530722,0.023331739
NLRP2,0.0007809196,-0.039629295,-0.0058856537,-0.005685739,-0.00080605637,2.2762283e-06,0.024355954,-0.015702626,0.04462029,0.015657153,-4.962064e-06,0.00074725057,-0.000297119,-0.0017287318,7.589882e-06,0.012685795,0.0012100416,1.2387343e-06,-0.025954979,0.008296101
NLRP3,0.0051242416,1.5339566e-06,0.017724367,-0.013025894,0.010255182,-0.028528536,0.0011699575,0.02637202,0.016844261,-0.030865455,-0.03629324,1.9745471e-07,-0.009314106,-0.001155775,-0.030896224,0.033840947,0.0033938102,-0.020937743,0.033840965,0.038302276
NOD2,-0.04458945,-0.008761144,0.027890904,-0.011029978,-0.011033719,-0.023694092,-0.01017582,0.00027192067,-0.031213008,-0.017695965,0.0029368396,-0.007810215,0.0025308265,0.032541204,-0.017740462,-0.026657302,-0.006753225,-0.02985734,0.005023887,0.024526881
NOSIP,0.00085243676,-0.049715098,1.1341698e-06,0.0004886466,-0.020990774,-0.0036192161,-0.026704984,0.014271394,-0.029609399,-0.0019525095,0.005906851,0.013767902,0.03293013,-0.0039002148,-0.006494049,0.02901771,0.020665262,-0.017386036,-0.004521866,-0.0052125542
NOTCH1,-0.007616813,-0.018231435,-0.016226228,-4.77787e-07,0.00068672263,-0.01185117,0.018051555,0.0068550883,-0.03255872,0.036083862,0.0028301203,0.003906551,0.00653177,-0.037260354,-0.029673062,0.026982334,-0.02257933,-0.00023864914,0.018555244,-0.04175759
NOTCH2,0.0010492358,1.2871451e-06,0.0038006587,-0.05835538,-0.020222604,0.035643604,0.010257368,-0.014405458,-0.024089985,0.03258516,-0.00310927,0.013986653,0.021243492,0.012187065,-0.00467093,-0.015863243,-0.005285133,0.057043932,-0.03669057,0.009936582
NOTCH3,-0.034526743,0.021843828,-0.005161804,-0.032616105,-0.06181408,-0.04437284,-0.012390902,0.070449,-0.0041262964,-0.010093423,-0.020599319,-0.027769431,0.0036934922,-0.0020476615,4.147064e-06,-0.05424356,0.019801654,-0.062171295,0.0024408512,-0.0598336
NPPC,-0.0013638899,-0.026939964,0.018151479,0.024727296,-0.00095470506,-4.5540866e-05,-0.010423042,-0.0047890297,-0.0014317455,-0.029323705,-0.0057277973,0.038359545,0.021322716,-0.018340042,-0.026245287,-0.030187037,-0.020450316,0.018388838,-0.0039599934,-0.005311473
NPR1,0.027401974,0.005038234,0.0025788755,-0.05128365,0.005670997,-0.018335884,0.009606327,0.016880743,-0.008885549,-0.008038814,0.008104529,0.010676952,-0.008496628,-0.02557961,-0.037173085,-0.0054069473,-0.003584032,-0.023597604,0.027286408,-0.03569493
NPR2,-0.031136718,-0.0004479712,0.008068079,3.9023928e-07,0.004219505,-0.032444187,0.028629942,4.843103e-08,-0.009207336,0.02028754,-0.0025406922,-0.020702947,0.04863984,0.009658203,-0.02544475,-0.0017253523,-0.018941436,-0.044814482,0.03944164,0.025167419
NPR3,0.006687321,0.0039206776,-0.006624861,0.009194486,0.0039303903,-0.0066593555,-0.026367694,0.00918154,0.009880468,-0.01926711,-0.0007384719,0.0009928577,-0.041990332,0.018841112,-0.0035747078,-0.02044856,0.0020138444,-0.014302722,0.0021903247,-0.022760736
NR1H2,-0.0344677,-0.024473198,0.008373778,-0.008539456,0.0047013457,0.038476273,0.049455818,0.019545574,-0.013533695,0.028283628,-0.04352252,-0.03369118,-0.019517785,0.053477056,-0.027401272,-0.006848626,0.028990118,-0.047779825,2.0862684e-07,0.02284364
NR1H3,-0.02236726,-0.027110599,-1.1561966e-05,-0.024335353,-0.0067088557,-0.0047987374,-0.0037600202,0.017261323,0.07150633,-0.016055718,0.05391056,-1.5009352e-06,0.037690587,-8.767614e-06,0.0005932905,0.007855139,0.009925208,0.0013121289,-0.015070674,-0.024344094
NR2F2,-0.013542615,0.028245095,-0.0070179887,-0.033345677,-0.019295897,0.018637925,0.010788418,0.015637947,-1.8324808e-06,-0.012051412,-0.009054477,-0.03761199,-0.021690138,0.02657734,0.0023953663,-0.0053320862,-0.029617513,-0.026441853,-0.038458202,0.010334798
NR3C1,-0.017032776,-1.7360626e-06,0.020747278,-0.02295548,0.005434393,0.013163293,-0.0031032164,0.06251884,0.03991778,0.0029258463,-0.031834707,-0.009574177,-0.017787669,0.012486913,-0.02807313,0.041235663,0.014659557,0.044601757,0.028447978,0.0026404597
NRG1,0.012203125,-0.033980682,0.0053284774,0.014670775,0.03542563,-0.030468741,-0.00869413,0.008858432,-0.014555333,0.011949279,-0.015718436,0.016896732,-0.026606536,0.0014327979,0.008468003,0.05605783,0.00051840564,0.054968968,0.0064012106,0.0071560885
NRXN1,-0.018933836,-0.012606145,-0.006343574,0.014918681,-0.007353168,0.020422647,-0.0069532883,-0.019517494,0.015580272,0.0040330677,0.0022958613,-0.0012635089,-0.011912921,-0.011815682,4.192178e-06,-0.00062527676,0.01655134,0.004689848,0.0023690937,0.0009066234
NRXN3,0.0052258526,-0.030432357,0.009064274,-0.013713169,0.020901265,0.00022652757,0.009931788,0.004950491,0.031949706,0.013416932,0.0012623457,-0.003958616,-0.009884986,0.032327767,0.01333747,-0.015146924,-0.00059075543,0.042542517,-0.017416053,-0.034335144
NTRK2,0.01006031,0.024872115,0.02621169,0.033525523,0.03954833,0.010751531,-0.0015321707,0.007239609,-0.008591138,1.5017219e-05,-0.017134545,0.0013227751,-0.012646102,0.020094085,0.002459289,3.7348028e-07,0.01683077,0.015604189,-0.0479339,-0.016611364
NUPR1,-0.045451615,-0.024304884,0.012421929,-0.005258813,0.07837833,-0.02193511,-0.03837792,0.036227968,-0.011515348,0.055969406,0.016985407,0.005498253,0.05453374,-0.039329197,-0.027080247,0.025684044,0.009854366,0.0023887022,-0.0031959377,0.04614496
NUSAP1,0.03209319,0.057495166,0.04182996,-0.008292657,0.003336974,0.0054909415,0.01871486,0.014139909,-0.0044899997,-1.3596854e-05,-0.0032310307,0.014340744,0.013293991,-0.013256006,-0.028002053,-0.003638499,-0.041156627,0.003777424,0.026392108,0.023698805
OAS1,-0.048363395,-0.0036865252,-0.0033054275,0.047221646,0.032187298,0.016993191,0.009977107,0.013325912,-0.077354506,0.02453708,0.024164358,0.0004862788,0.0038648718,0.08111225,-0.01637237,0.035034195,0.0021261768,-2.805314e-06,0.00022789501,-0.057040066
OAS2,-0.031643078,-2.2809106e-06,0.015041859,0.06417056,0.058304116,0.019251956,0.030106334,0.02629305,-0.031521503,0.026774896,-0.038021423,0.012786803,-0.024787718,0.08603762,0.006076168,0.05725304,0.02376502,0.00284126,0.012971952,-0.07157455
OAS3,-0.026657872,0.00288246,0.03989144,0.03467842,0.006426565,-0.0071830056,-0.007232061,8.316167e-05,0.027113691,-0.006382217,0.004855925,0.0066532637,-0.0039709285,0.02269579,0.0045400644,0.059270993,-0.008925945,-3.659575e-05,0.012360645,-0.05475806
OASL,-0.043186482,0.020393042,-0.014310457,0.034490403,-0.049277466,0.012978216,-0.007850505,-0.028322743,-0.0058365953,0.0036612377,0.03996107,0.008241458,0.051276118,0.025937255,-0.010070605,-0.011475306,-0.051109422,-0.017311973,-0.0056767217,-0.054124396
OLFM4,-0.018964723,6.775674e-05,0.020027816,-0.0024784515,4.0980463e-08,0.0064521106,-0.02502896,-0.017552273,-0.01418724,0.0060645454,-0.0043849056,-0.0034639363,0.04053424,-0.042731375,2.510091e-06,-0.029250946,-0.0001238616,0.037511315,0.020260194,-0.02111213
OLR1,-0.004885782,-0.038082175,-0.00331088,-0.009617094,-0.021645816,0.01803626,-0.0039725914,-0.016304184,0.044945594,0.010889826,-0.013479189,0.0034560661,-0.013378722,0.0020813223,-0.008463088,0.018090993,0.003799676,-0.01517808,-0.013308216,-0.018898925
OSM,-0.023347424,0.0285236,-0.0165319,-0.021344349,-0.05256076,0.025926061,0.0043546185,-2.8266957e-06,-0.023615338,0.007663302,0.035623677,-0.019911278,-0.006067662,-0.026865518,-0.013974204,-0.0338054,-0.024550337,0.008287609,-0.0021329045,-0.026884023
OSMR,0.010517898,-0.030934008,0.007302262,0.0006548257,0.011065893,-0.0059109963,-0.02333054,-0.038444284,-0.018197173,0.015556426,-0.0027841255,-0.0048981137,-0.025582658,0.005538582,0.017988931,-0.06232347,0.06418827,0.014934909,0.0031605705,0.021114783
P2RX5,-3.7161437e-06,-0.0026057083,0.008964724,-0.0055803717,0.03175979,0.014423591,0.0036245645,-0.026548868,0.045019083,-0.004641914,0.003185856,-0.016873302,0.012700316,0.016969495,-0.0044461256,-0.016001724,-0.0041969772,0.031348076,-0.054008152,-0.03405031
PARP1,0.0054431055,0.0028050249,-0.005793024,-0.0057891253,-0.024945782,0.015884655,0.019451251,-0.023642754,-5.5929086e-06,7.451562e-06,0.012284153,0.011655692,-0.0012948712,-0.01521487,0.02154951,-0.022264874,-0.027123256,0.012152934,0.029716196,-0.052959137
PCNA,-0.005009258,0.020419061,0.001503719,-0.0057563465,-0.032289874,1.7919244e-06,0.072990604,0.0038610373,0.0005499361,-0.008014891,0.0014645328,0.022126138,0.016759899,-0.033822596,-0.001607738,0.0050465157,-0.048587814,-7.474318e-07,0.06628535,-0.0047924626
PDCD1,-6.9014095e-07,-0.012504552,-0.004227383,-0.007944668,-0.015326966,0.024676722,0.039923564,-0.05279884,0.010696417,-0.0086983135,0.04661648,0.006651925,-0.010044059,0.0012414949,0.007439776,-0.0026332282,-0.036967166,0.016383436,-0.02991076,-0.040228467
PDCD1LG2,0.016877066,0.007889935,0.0010749109,0.038081303,0.020754153,-0.036880273,0.009404309,0.019235207,0.025395626,-0.04992381,-0.0021523526,0.028557356,-0.013972556,-0.022778844,-0.0053934697,-0.00155152,-0.00037241605,0.0014019369,0.002052446,0.014393243
PDGFA,0.019481104,0.012834981,0.0011847127,-0.011082461,-0.01610236,0.005620629,0.0040198094,0.01417328,-0.0040430664,-0.0024216026,0.0021859652,8.3731976e-07,-0.050488897,0.018478941,0.00017419846,0.03816344,-0.005726941,0.0059049004,-0.016166825,0.008541015
PDGFB,-0.024035601,0.0034543064,-0.011265939,0.012658238,-0.008977031,0.0036897927,0.056660093,3.1442917e-06,0.009499091,0.019410072,-0.018114839,0.019793348,0.011351842,-0.022983924,-0.011496974,-0.03598941,0.02757743,-0.018220069,-4.636359e-06,-0.04830995
PDGFC,-0.02982459,0.00035189447,-0.018619744,0.013391033,0.011222199,-0.05984393,5.951664e-07,-0.0090385005,0.026223956,0.01546526,-0.03644151,0.014810605,-0.011388943,-0.026955185,-0.025074225,-0.012084415,-0.0027433312,0.0059937583,0.02984165,1.2725786e-05
PDGFD,6.3891594e-06,0.008127831,0.009067033,-0.0027454204,-0.017511295,-0.023333594,0.03548642,-0.08195056,-0.031203555,0.009046856,-0.03683334,0.015102585,0.004444408,-0.026503261,-0.0065086246,-0.046329055,-0.00277488,-0.023160988,-0.028427828,0.02758305
PDGFRA,-0.013809542,0.029884044,0.009207876,0.009163348,-0.0007602211,0.0019703265,0.0015588815,-0.004027842,0.014982,0.035540447,0.0010244651,-0.014952507,1.5444068e-05,0.001812588,0.01577827,4.1697535e-06,-1.2368604e-06,-8.281078e-05,0.021294242,-0.019189999
PDGFRB,0.036991823,0.012960834,-0.007606498,0.022077976,0.018637953,-0.036248524,0.009590551,0.026612733,0.014805847,-0.021238504,0.013772019,0.008282542,-0.013948333,0.007403341,-0.021303514,0.014683739,0.031228172,-0.03575733,-0.00069469475,-0.029681575
PDS5A,0.00533958,-0.045801755,0.031092018,-0.031202924,0.0719645,-2.4261763e-06,-0.010616303,0.023586135,0.042553585,-0.0058143027,3.8493192e-05,0.020198062,-0.019326275,0.005042641,0.00043084618,-0.006439979,0.011149987,0.004370708,0.036450565,0.036623474
PECAM1,-0.015075963,0.044194736,-0.0330456,-3.2411282e-07,-0.0052824104,-0.0043123183,0.016744925,0.0035301594,-0.003200986,-0.0012486365,-0.01778856,-0.0070515084,0.020487977,-0.046669573,0.0043877163,0.03439202,7.516162e-07,-0.037007093,-0.0118990885,-0.024308937
PF4/V1,-0.025233699,0.0070042233,0.01027604,-0.0061323345,-0.020119738,0.010366663,0.008565362,-0.01695287,6.183028e-05,0.022237696,0.011198662,4.3356212e-07,0.0022313849,0.017982006,-0.0027081294,0.011590606,-0.008951117,-0.0029502432,0.00022096236,-0.025577322
PFN1,0.010114405,-0.03209769,0.025743032,-0.028830547,-0.020308578,-0.021482524,0.090644404,-0.055873524,-0.035244793,-0.03685151,0.047964733,-0.000125197,0.057343867,-0.028852273,0.09710452,0.009316685,0.045981023,0.027066892,0.11075014,-0.0022214255
PGF,-0.008304825,0.01555214,0.0060374513,0.054616265,0.0024081457,-0.01369067,-0.009489916,-0.0029948393,0.016204394,-0.027976042,-5.6830893e-05,-0.004642298,0.049029887,0.014577977,-0.01131324,-0.04091174,0.017296452,4.4831936e-06,-0.026024431,-4.097882e-07
PGK1,0.058692332,0.00013105596,-0.046283234,0.0028205116,0.016724443,-0.011203296,0.004726128,0.04701626,-0.048922986,-0.034885213,-0.04329645,0.02883642,0.007544914,-0.010482262,-0.058580834,-0.016257294,0.057732925,0.062156867,-0.019771237,-0.0008370441
PGR,0.00029298765,-0.0151487645,-0.00924557,0.023607109,0.006966489,-0.021493632,-0.0066900942,-0.0038595933,0.00584929,-0.008474069,0.020160893,-0.011711698,-0.010518202,0.0135789,0.020980526,-0.0050433325,0.0034970718,0.00829764,0.003256896,0.00031754488
PHLDA2,-0.012525505,-0.043581825,-0.026837114,0.04208422,0.008295213,-0.02771345,-0.00039422463,-0.0061210436,-0.018985407,-0.03446006,-0.019795183,-0.013164687,-0.0094468575,0.018017685,0.05132463,0.038686708,0.020491308,0.027599938,-0.02441994,0.00088818243
PIGR,-0.016622912,0.0052541336,-0.014226259,0.005027514,-0.004358248,-0.0025538944,-0.0068327547,-8.1215114e-07,9.271259e-07,0.01964932,0.0025616554,0.012164789,-0.0061332094,-0.004373354,-0.023665372,-0.019096356,9.7527554e-05,-0.001179681,0.025380338,-0.031206945
PLAC8,-0.029862365,-0.014224252,-0.012160102,-0.02623925,-0.024958083,0.051204596,-0.008499794,-0.019738708,-0.0062812814,0.03446713,0.006743795,-0.024795428,1.9428492e-06,0.06536094,0.0059415735,-0.05062057,-0.012653633,0.033815503,0.0028998815,0.016295163
PLAC9,-0.017892368,-0.027098661,0.02330884,-0.0350243,0.011146781,-0.028003685,-0.06675501,0.0021426904,0.0071245614,-0.003927741,0.0040521473,-0.014330002,-0.034503873,0.01707072,-0.0060223304,-0.012588682,-0.00514914,-0.0019107411,-0.0002275858,0.020973448
PLCG1,0.008988018,-0.0033853834,0.0025552306,1.19484e-05,0.03780035,-0.041174635,0.01052659,-0.031192819,-0.04428326,5.886366e-07,0.0048188167,0.0025765595,0.00021926394,-0.018551497,0.034984205,0.02082645,0.01823944,-0.016807145,-0.030033005,-0.03894244
PLD3,-0.030724088,0.0015201872,0.06476932,-0.025171798,0.010771735,-0.009220004,-0.02697407,-0.007057434,-0.033979155,0.022327662,-0.007490736,-0.001005322,-0.023820885,-0.011834368,0.0028844222,-0.028610183,0.027214395,-0.021302737,0.037517954,0.017725013
PNOC,0.0069539384,0.03006457,-0.017771516,0.0008253514,0.008090829,-0.01343226,-0.002543698,-0.0059642163,0.021402063,-0.017163396,0.008126207,0.021367025,0.02504784,0.0062284167,-0.022543568,0.04479606,-0.017857615,-0.02081264,0.008630753,0.05402624
POU5F1,0.0007264576,-0.026072755,0.017589683,0.04383859,0.014378485,0.008451786,-0.03358724,-0.023487236,0.060530372,-0.02125248,0.01628049,-0.016894465,-0.028015783,0.0002285247,2.843528e-05,0.012860268,-0.0056944652,0.008465024,-0.016198855,-0.007340363
PPARA,-6.71048e-07,-0.029023385,0.0070649334,-0.049844768,-7.510229e-05,-0.007545739,-0.027252972,0.01811894,-0.006371525,-0.0318704,0.036461025,-0.015856419,0.002163667,-0.0069421707,0.0033053446,-0.002687619,-0.0115799075,-3.2821802e-06,-0.022772975,-4.9921866e-05
PPARD,-0.0024439818,-0.028723516,0.017044093,-0.010345167,-0.0010037516,0.016215267,0.012794102,-0.019006317,2.3573107e-06,0.015805488,-0.003959681,0.0008957458,-0.028171014,0.0031355312,-0.0022640256,-0.0359127,0.006951157,0.004382249,-0.035885915,0.023823807
PPARG,-0.0061662453,2.3860615e-05,6.0725006e-07,-0.01963396,-0.020586308,0.011308306,0.012482725,0.019710276,0.036168687,-0.0007632018,-0.018107744,-0.007687164,0.001515238,0.015412837,0.0010020181,-0.018653994,-0.0014540632,0.018962912,-0.0026132318,-0.035247218
PPIA,0.075627126,-0.028973691,0.012234188,-0.04187588,-0.043838587,-0.002062886,-0.03774028,-0.055909604,0.039916437,-0.08433435,0.014740795,-8.410593e-05,-0.0153934965,0.004309637,0.058297668,-0.06510988,0.0028611836,0.028557802,0.044637404,-0.019848598
PRF1,-0.00018600463,-0.026837101,0.0050586695,-0.0065122787,0.05887465,-0.01526579,-0.024134092,0.0006636057,-0.04175332,0.0027793497,0.006967328,-0.000752186,0.010377477,3.086349e-05,0.008936468,0.036922507,0.038455706,0.034023393,-0.0044268807,-0.010365842
PROX1,0.04989864,-0.0004301328,0.00015916563,-0.0050043557,0.017188132,0.0006879742,0.015480095,0.0007021233,0.041213557,-0.0054947236,0.0005780908,-0.00025288266,-0.001576337,0.027799005,0.010969854,-0.0116349375,0.028874353,0.0038978106,-0.020701978,-0.035808712
PRSS2,-0.0065592625,0.004506448,0.00086832984,-0.010805387,0.00017671741,-0.010849006,-0.019453557,0.006894307,-0.005424881,-0.005579798,0.022537146,0.015645057,0.0042753313,0.02086655,-0.031186203,-0.023011379,-0.002723994,-0.028420584,-0.009028712,-0.014467344
PRTN3,-0.049301933,0.006552806,0.009751016,-0.028813105,-0.014965363,-0.010925416,-0.0061203702,0.004384698,0.0076986225,-0.008038082,-0.0006646013,-1.967096e-06,-0.00047053365,-0.022753563,-0.007906817,-0.04395032,-0.0037094392,-0.04653859,-0.0127933575,-0.004166274
PSAP,-0.010480686,-0.019991882,-0.011078133,0.018264234,0.059181437,-0.01700012,0.01577615,0.010426275,-0.02053122,0.039248187,0.11231666,-0.017973877,0.029495582,-0.055242717,-0.054856367,0.04419089,-0.0284314,-0.022871044,-0.00087519054,-0.03630585
PSCA,-0.026654763,0.023038644,0.035671894,2.52957e-06,-0.003335068,-0.025676213,0.019675944,-0.020654598,0.036222786,0.0249824,-0.00016854578,7.56588e-05,-0.06946301,-0.016221285,-0.016264137,-0.047471993,-0.016766572,-0.004900386,-2.524012e-07,-0.026262168
PSD3,0.040156282,0.020832634,0.02219828,-0.0012273146,0.0316935,0.00036764878,0.009741106,0.00855268,0.045006253,0.0132506825,0.0016203796,-0.016376143,0.0024016474,-0.023525175,0.0006032536,-0.031998053,0.0016949314,-0.022851242,-0.00791718,-0.014048507
PTEN,0.00047173977,0.002217583,-0.00039562528,0.003421808,0.011538053,-0.004495651,-0.015431127,-0.036567375,0.011066779,0.015651489,0.018790236,-0.009536375,-0.006289865,-0.021096509,0.017340891,0.006386876,-0.013830056,-0.00010144209,0.00013335726,0.011715752
PTGDR2,2.6450746e-07,-0.005833309,0.021913256,0.005364379,0.00035591997,0.03704255,-0.030293334,-0.0030728567,0.011500812,-0.015850822,0.031157037,-0.006736888,0.017979406,-0.012904872,-0.0051768566,-0.023546789,-0.013669091,0.011525513,-0.0069840155,0.008835687
PTGDS,0.011383215,0.05049036,-0.021251544,-0.036016617,0.012439471,0.018866085,-0.023810621,0.030776532,0.023093002,0.032323867,-0.005247795,-8.480307e-07,-0.015142734,0.009652899,0.005685421,-0.05318695,-0.00928286,-0.01354828,0.03064968,-0.013795924
PTGES,-0.014408627,-0.0066544823,0.010899011,-0.01790561,0.004621134,0.008420673,-0.057593133,0.018087948,0.034185454,0.001349889,0.05307452,0.021214219,-0.031179884,-0.0016919873,-0.03356153,0.025206238,0.03379482,0.035663735,-0.04235342,0.023406623
PTGES2,0.028190587,0.06290408,0.007245875,0.01571662,0.011099852,-0.04517128,0.007103888,0.031067,-0.0015601597,0.00065851904,-0.030090192,-0.03157987,0.03419813,-0.009926195,-0.032131005,-0.04312917,-0.035347667,-0.019678742,0.04464609,0.013651702
PTGES3,0.008282199,0.009155115,0.005370449,-0.006375867,0.012618353,0.023527317,-0.014069401,-0.014779288,-0.02339746,0.032038104,0.029099457,0.0020665517,-0.0008913887,-0.0011687464,0.03127555,-0.027656015,0.014737291,-0.0035262834,-0.006388817,-0.02205291
PTGIS,-0.014149589,-0.0004903576,-2.8201734e-06,-0.006474431,0.006626092,-0.023014884,0.022794547,-0.009285632,0.0024330725,0.03935935,-0.017287478,-3.7035796e-05,-0.017370386,0.006618448,-0.021008413,0.0067474297,-0.006736072,0.014313739,0.0019358153,-0.010654279
PTGS1,-0.026658129,0.017843682,0.0031432007,0.02801208,-0.017205952,-0.00303993,-0.00018924057,0.0023225867,0.024165066,0.0065806787,0.0064387177,2.14406e-06,-0.0002866252,0.0011915312,0.027642557,0.00064914784,0.0036679113,0.0055875885,0.005780169,-0.018032914
PTGS2,0.008516581,-0.0070142113,-0.013582898,-0.012983092,0.04604489,-0.02208766,-0.0036675134,0.011683612,-0.056501105,0.005815298,0.011473132,-6.385611e-05,-0.032123372,-0.005222185,-0.064014174,-0.0063912403,0.015037145,0.0027261062,8.482776e-05,0.014730016
PTK2,0.05099749,0.0028139637,-0.022871641,-0.008081078,0.00036898156,0.011285655,-0.0033232307,0.026270969,0.01839866,-0.0051666196,-0.02443264,-0.036794204,-0.0027321451,-0.010014764,-0.031734478,0.0002494506,-0.020437192,-6.9009606e-05,0.028254783,0.0016478096
PTK6,-0.0037512358,-0.036785185,-0.0023761396,-0.022152333,0.030594608,-0.00053870684,0.00148159,-0.0029473724,0.027552415,0.011684872,2.6249041e-05,-0.0064866506,0.025482003,0.012243711,-0.02500608,0.010799128,0.018587168,0.006292295,-0.024912264,4.3432894e-05
PTPRC,0.009342665,-0.0015101267,-0.0031262126,-0.048115864,0.023220954,-0.0011843122,0.04839838,0.02285331,0.047082957,0.042503815,-0.0314025,0.011376541,-0.037574485,0.020211285,-0.028472126,0.010589896,0.025606675,-0.023908913,0.018258993,-0.02724478
PTPRCAP,0.0074611306,0.042027913,-0.0017649648,-0.026694478,0.025940226,-5.709198e-06,-0.0073979353,0.018589763,-0.00041399506,0.019308517,0.034589037,-0.016172575,0.039424617,-0.004283281,0.0006375948,0.022232624,-0.041252263,0.00785878,-0.00045451033,0.020956552
PTTG1,0.011459002,0.006058823,0.0035414894,-0.012326163,0.055550095,-0.009802137,0.019731676,0.0047965497,-0.007026638,-1.8748821e-06,-0.03395761,0.004220488,-0.042419292,-0.0029356603,0.0120209055,-0.008016586,-0.002175127,0.014231051,-0.027095322,-0.0574019
PXDN,-0.012510683,0.040088672,-0.00804542,-0.0037978003,-0.008250453,-0.027025072,0.019395037,0.022095835,0.009065989,0.015585583,-0.022471545,0.010731768,0.022615112,0.00810056,-0.0146909775,0.022194931,-0.0019160998,-0.009396733,-0.006925391,-0.009055079
QRFPR,0.01995103,0.009772905,-0.00033201397,0.016309608,0.0049380693,-0.014705312,-8.262591e-06,0.023580475,0.04156053,-0.008895578,-0.02245707,0.025905663,0.003167145,-0.009940994,0.0025429784,0.015614389,-0.007546337,0.010392191,7.726644e-05,0.002254596
RAC1,0.023339089,-0.01765207,-0.00026908348,0.004480638,0.011603524,-0.0006894124,-0.020331545,0.0018768887,0.011858592,0.026330438,0.002590183,-0.035613418,-0.016492791,0.00017713397,0.029062485,0.03712991,0.049530737,-0.0022444804,0.04297458,0.001753766
RAC2,-2.8695335e-06,0.0008359411,0.007098742,0.010002984,-0.017239897,0.018338712,0.0059367702,-0.022254383,0.00023448117,0.045374405,2.3470322e-07,-3.4293785e-06,0.0041696895,-3.4138164e-05,0.016302533,-0.020117559,0.0073530185,0.0022357197,0.002483573,0.030241648
RACK1,0.043598782,-0.03818846,-0.00065928913,0.00082376157,-0.002810482,-0.0125078475,-0.00010859412,-0.0001359431,-0.032945722,-0.05942981,-0.022858353,-0.022447413,-0.006857885,0.0010307087,0.040675253,-0.0040076165,0.011043359,-0.04725899,0.07770627,0.046437174
RAG1,-0.017610501,0.006577072,0.04782776,0.031510644,-0.0020327352,-0.0062516225,0.0028592711,0.002299795,0.03940484,-0.030821884,-0.009408422,0.0076824836,0.03277196,0.0063808933,-0.0036095844,-0.0018978424,0.034707483,-0.00829591,-0.009717562,-0.022488145
RAMP1,-0.014887788,0.0013322046,0.023371557,0.005730605,0.005643427,0.015564861,0.0045870724,0.004690944,0.052937992,-0.02884471,4.755069e-06,-0.0046598567,0.028806765,-0.004420331,0.015011541,-0.015426189,0.01855298,-0.0027571574,-0.017169131,-0.014084147
RAMP2,-0.026968457,0.06223037,0.0061212806,-0.01883164,-0.010786525,0.007947185,0.0057505034,0.024291033,0.0061691864,0.0042667566,-0.005381052,-0.045585267,-0.003925278,0.03252704,0.05691959,-0.011769967,-0.0036045227,0.010108187,-0.045790784,0.04525558
RAMP3,-0.00525843,-0.0017613659,-2.3591479e-06,-0.00143282,-0.00040062872,-0.00023103532,0.011216091,-0.0003708094,0.048427667,0.017278284,4.580811e-05,-0.0144005865,0.008098357,0.018384838,-0.01794016,-0.00035560073,-0.027544552,-0.042566136,-2.642692e-05,0.01994647
RARA,0.0033540828,5.308775e-07,0.0069364263,0.008843407,0.011202419,-0.00048716736,0.00034308364,-4.8380272e-05,0.007768084,-0.01833629,5.8559387e-08,-0.021874417,0.005943842,-0.011784689,0.016534204,0.003689931,0.0032796508,0.011585206,-0.039529223,-0.023601867
RARB,0.011211252,-0.0009586837,-0.020540787,-0.02587407,0.013299131,-0.021906191,-0.0057152696,-0.04042503,0.0046949494,-0.023389498,0.010176597,-8.56525e-05,-0.010382514,0.0079673035,-0.015123994,0.045212697,-0.028789092,0.0068175853,-0.007606533,-0.01677517
RARG,0.006160239,0.012729997,-0.007684191,0.011666995,-1.2298796e-06,0.011586585,-0.041451138,0.020577136,0.022216903,0.012885082,-0.022432681,-0.00834831,-0.03318555,0.026578441,-0.0013720149,0.042719413,-0.0072989142,0.0017823933,-0.009515114,-0.0045214407
RARRES1,-0.00017516263,0.015478629,0.0009703744,0.0018109403,-0.032889932,-0.0010403872,-7.860109e-06,0.009610228,0.059107926,0.02580308,0.012550598,0.0034458698,-0.02689045,-0.027761552,2.3113327e-05,-0.027867667,0.01397294,-8.751984e-05,0.01634769,0.019687288
RARRES2,0.001749893,0.016211616,-0.009385051,-0.057739582,-0.022507194,0.010997723,0.0034885022,-0.01728999,0.058854282,0.010661923,0.00021457649,0.06281997,-0.0062217247,-0.0006313003,0.003793859,1.0105389e-07,-0.065581106,0.042835433,0.031853005,-0.043350562
RB1,-0.03395473,0.0038890317,0.02048808,0.01731199,0.0016675574,-0.015602674,0.013120524,-0.0031374963,0.026800357,0.0066809244,0.008717037,0.011377956,0.015593628,-0.0009438838,0.011864311,5.340861e-05,-0.017395278,-0.0034728446,-0.0037129011,0.0025363506
RBM47,0.0017899717,-0.015090334,0.0018001574,-0.018842628,-0.0028682253,-0.024505287,-0.02368616,0.014500884,-0.0121842,-0.034841172,0.008147996,0.0015587792,-0.0172666,-0.0005674857,-0.043812566,-0.013153626,0.00068206794,0.0047250977,0.032327604,0.000707734
RBPJ,0.022413978,-0.0018969271,-0.021334238,-0.011817957,0.02181674,-0.0073369397,-0.029338842,0.0032162275,-0.011847918,0.008506196,-0.0042492254,0.0073659513,-0.03089437,0.006120242,-0.03645935,-5.8490177e-06,0.007822524,-3.9117924e-07,0.023916893,-0.036990136
REG1A,-7.2932344e-05,-0.02080699,-0.014592908,-0.008598811,6.8931e-06,-0.0053275255,-0.0039580143,0.01949871,0.037928067,0.0110216485,0.0010934413,-0.014734171,-0.018842498,0.0043571508,-0.00896946,-0.010927785,0.038340915,0.029397031,-0.003907648,0.003953985
RELA,-0.010245164,2.4103701e-06,2.3284128e-06,0.029173998,0.05692163,-0.023615105,6.9296374e-07,-0.011892062,-0.03514851,-0.005912607,0.00087739166,0.017660726,-0.019744776,-0.007429211,0.012762099,-0.01074003,0.008341097,0.0008363468,-0.030902645,-3.918879e-05
RELT,0.013835548,-0.0011643503,-0.0035730444,2.7363317e-06,0.006541957,-0.025048487,6.682816e-08,0.005944638,0.010889073,-0.002001804,-0.05317734,-0.016440634,-0.01408926,6.270398e-07,-0.00042251585,-0.0010436828,0.0028553084,4.6871655e-06,-0.008369762,-0.023780838
RGCC,0.029548237,-0.027244652,0.021636799,-0.027240772,0.033730414,-0.02562198,0.002325238,0.025184976,0.09328511,0.011984189,-0.045511104,-0.00020396699,0.030092431,-0.008251161,-0.022541385,0.020670066,0.06275982,0.0021671068,1.9232787e-06,-0.019242208
RGS1,-0.015754065,-0.032211624,0.02619107,-0.022147248,-0.008838442,0.0091167055,-0.03241773,-6.235728e-06,-0.001038368,-0.010219198,0.0047662794,-0.007744916,-0.04365096,0.06331544,0.0014415076,-0.006044952,0.023764294,-2.1494834e-05,0.00075002096,0.01403853
RGS13,0.009794054,-0.004492888,1.7872897e-05,9.922695e-06,0.015201321,-0.0063534114,-0.018148297,7.442266e-05,0.009153204,0.0017146466,-0.023840625,0.008351373,-0.0104588615,0.023879683,0.001609069,0.0339481,0.054844152,0.014989674,-0.03710271,-0.0139277885
RGS2,-0.009375245,0.007067291,-0.015634531,0.0064776493,-0.00042397642,0.0019439968,0.008423273,-0.010354697,-0.011894282,-0.005281908,0.0023353826,-0.013194018,0.008985565,0.0048469626,0.018421179,0.00086333643,-0.015982553,0.039051253,-0.006961127,0.0045814984
RGS5,0.008902943,0.025577243,-0.013652401,-0.010062204,-0.023026867,-0.010152454,-0.018062366,-0.015148491,0.012922986,-0.03309064,0.00016122534,0.004893803,0.025565732,0.023946846,0.01802477,2.6227442e-06,0.036136966,-0.029164698,0.008517451,-0.07148933
RNF43,-0.044719685,-0.00022649563,-0.01701453,-0.007159369,-0.0034369251,-0.02896571,0.011719807,-0.012558696,-0.0028274748,0.03219292,0.0114109,-0.017597461,0.014567925,-0.027279947,0.011122865,-0.013982992,-0.01626372,-0.0077134552,-0.0062084114,-0.009929726
ROR1,-0.003958073,0.04037632,-0.00031033272,-0.032336324,-0.041123517,-0.0023031612,0.015165531,-0.009970157,-0.00078830856,-0.025792684,0.007182224,-0.0014028826,-0.011458064,0.021159448,0.0022808346,-0.029688084,-0.036069416,-0.01688881,-0.019432949,-0.0008410307
RORA,-0.0030326052,-0.0064739827,-0.023721782,-0.028202308,-0.022972181,-0.014163434,-0.020187858,0.03177512,0.016748829,-0.049688905,0.013507257,0.0014819689,-0.0011404525,0.028539006,-0.05062687,0.0039279126,-0.0013934582,-0.050650313,1.5116132e-06,0.035644304
RPL21,9.527857e-07,-7.8513054e-05,0.013958238,0.011664223,0.011443399,0.03556647,-0.016453126,-0.021842837,0.049838345,-0.0099813845,-0.02881275,-0.014441903,0.015964638,0.011614242,0.025164377,-0.041854445,-0.049749322,-0.0031571724,0.034343235,0.004865624
RPL22,0.033493247,-0.06295563,0.011255758,0.01954028,0.041585393,-0.01076512,-0.051273603,-0.023686407,0.016328469,-0.020900484,0.030862806,-0.008641259,-0.033020455,1.4696901e-06,0.052362297,0.06972456,0.01122491,-0.033215303,0.029628424,-0.042861268
RPL32,0.04541131,-0.005118947,0.00015529558,-0.022931358,0.0040074443,-9.4159856e-07,-0.008338691,-0.0073235226,-0.016851425,0.0044105523,-0.025518848,-0.03970067,-0.0019160935,-0.0260357,0.030256066,-0.0073030605,-0.010385571,-0.008733945,0.058013923,-0.050684772
RPL34,0.021807125,-0.017588075,0.0046812813,-0.0021454536,0.01561728,0.025589159,-0.00515925,-0.01899174,2.5214656e-06,0.003244291,-0.0015934821,-0.011169871,0.008165861,-0.009185097,0.027360618,-0.004789605,-0.0062584127,-0.02229921,0.017732076,-0.040048014
RPL37,0.02139237,-0.046437,0.0022206164,-0.006472589,0.031241039,0.001131781,0.0012841456,-7.339164e-07,-0.07613594,0.044219412,-0.009862689,-0.0994878,0.02691302,0.00024582568,0.08244435,0.019441245,0.025109068,-0.007602522,0.02428687,-0.05665527
RPS4Y1,-0.030493358,-0.050391242,0.016642742,0.0069630886,-0.012932369,0.012161478,0.039429802,-0.012297302,-0.013641423,-0.010618471,-0.022904739,-0.025239365,0.00019997061,0.03113405,-0.004658656,0.0006096465,-0.01699077,-0.03587722,0.021414492,-0.026461668
RSPO3,0.014324718,-0.014226973,-0.03267517,-0.010733451,0.017981946,0.0016718841,0.028807139,-0.033232268,1.1521112e-06,-0.00047293506,-5.29945e-07,-0.0005186241,-6.5755103e-06,-0.01983105,-0.03840904,0.0048615,0.0029619194,-0.0068362053,-0.0064046104,0.00072782487
RUNX3,0.018919973,0.05792159,-0.008625173,-0.00797296,-0.0015986739,0.007586085,-0.019446567,0.016212072,-0.0011480933,0.021061724,-0.0017003717,0.01293336,-0.044348758,-0.0070867524,-0.019665226,0.006740248,0.021084469,7.249576e-05,0.019460808,-0.027687397
RXRA,0.018226044,-0.0063683856,0.011650913,-0.0011721826,-0.05456479,0.016245427,-0.020099519,-0.029170007,-1.732358e-06,-0.0070301867,0.022689931,-1.6206188e-07,0.009443,-0.0032801188,0.0319188,-0.017045066,-0.008533582,-0.024803214,-0.03168006,-0.0128275715
RXRB,0.0075323363,-0.0012853404,-0.010102991,-0.03142752,0.015001768,-0.0025136266,0.06006395,-0.017019656,0.021210728,0.0071370355,1.7490978e-06,-0.02217166,-0.0041350015,0.0037838912,0.005376432,-0.0072369603,-0.003380832,-0.00045180364,-0.048239328,-0.011698883
RYK,0.007903438,-0.00077943713,-0.009380491,-0.057786923,-0.011913843,-0.0025241966,0.043692082,0.0105006825,-0.0051401723,0.07197996,-0.039038815,-0.0023914783,-0.016761402,-0.030520769,-0.021901747,-0.010735917,0.009043915,-0.0009145029,0.019621298,-0.008675513
RYR2,0.010867887,-0.011736282,0.0044747284,-0.06494911,0.010788543,-0.0062941113,0.003318733,0.0121941455,0.032728888,0.011359312,0.020742157,0.0041744136,-0.018499514,-0.010698235,0.009387091,-0.0080167325,0.01127639,0.014902927,0.019617632,-0.03631119
S100A10,0.024546325,-0.086621076,0.021268213,0.026729543,0.0026255096,0.082956016,0.056946862,-0.01995183,-0.0413897,0.012458276,0.0116664,-0.047289193,-0.08895801,-0.04276887,-0.02919661,0.0088985115,0.06901175,0.040526297,-0.027971001,0.09125975
S100A2,0.11358677,0.030306455,0.02215737,0.19878103,-0.016462097,-0.10630958,0.2992024,-1.132541e-06,-0.0682672,-0.1102812,0.13266034,-0.13969466,-0.24087778,-0.11060964,0.12509969,0.0072338968,0.03723946,0.070992716,0.05280524,0.093323566
S100A4,0.05530361,0.032144707,-0.0125100585,0.0034421359,-0.022780383,0.012787804,0.0014096,-0.015400534,-3.248078e-05,-0.008031168,0.025056774,0.009121421,0.059210468,-0.00019460075,0.007578981,-0.021855487,0.06500263,-0.028060474,0.032334264,-0.0484618
S100A6,0.092739604,-0.0025799295,-1.9309062e-05,0.022016648,0.0013810006,0.02394566,0.14315113,-0.059695266,-0.0039787902,-0.0039956495,0.07353133,0.023946788,0.078511626,-0.03553821,-0.06414974,-0.10915117,0.11344485,-0.008096781,0.038204372,0.08804883
S100A8,0.13476251,0.014407375,-0.087416604,0.014747134,-0.18303649,-0.18444705,-0.051104218,0.09953351,0.0012910444,0.19853911,0.07478315,0.15574226,-0.056152888,0.1105182,0.2075979,-0.048897155,0.044836875,-0.09122421,-0.07921542,0.18511397
S100A9,0.03911281,0.027109973,-0.14431934,0.062250357,-0.14440891,-0.27699515,0.05284941,0.04659392,0.012245761,0.22558239,0.16675839,0.11573465,-0.05666151,0.12082842,0.24911481,-0.06633099,0.033905007,-0.0034525606,-0.11635449,0.12761068
S100B,-0.00928251,0.0025459377,0.0049772793,0.012926433,-2.6283378e-06,-0.008109942,0.01826082,-0.007791198,0.018892922,-0.025343452,-0.006992778,1.2014932e-07,-0.027787099,-1.4836605e-06,3.9025164e-07,0.0116931135,0.00983398,0.012205353,-0.011521993,0.0020465592
S100P,-0.062519684,-0.004678964,-0.009831915,0.018709231,0.012582528,-0.009168287,1.5787278e-06,-0.061361477,0.038516264,0.06175542,0.05081583,0.038566172,0.0056544216,-0.040799703,-0.03281389,-0.026921492,-0.0128205,-0.003320973,1.3970547e-06,0.02303434
SAA1/2,-0.06450065,-0.0011481055,-0.0078935465,-0.018638533,0.02813274,-0.0058440263,0.05335431,-0.013414722,0.09016731,0.054583445,0.06205808,0.003609186,-0.057540163,0.048274543,-0.016217692,-0.039947458,-0.019178594,-0.02583897,0.062804125,-0.031360377
SAT1,-0.06918853,-0.015602079,-0.017342513,0.069197305,0.028739583,-0.00526875,-0.049491767,-0.03827057,0.012013861,0.023953825,0.070639364,-0.024284303,-0.02052669,-0.054533873,0.017244264,0.026288638,0.031012634,-0.010416989,-0.029916415,0.0053453003
SCG5,-0.00093038304,0.0015176893,0.014925795,-0.006580055,-4.3192476e-06,0.00900183,8.3732186e-05,-0.013769454,0.011358859,-0.010854817,0.0069817016,0.0012990372,-0.026751,0.0026093414,0.016146103,-0.047216978,0.013730214,0.01047906,-0.019606229,-0.020764215
SCGB3A1,0.037662942,-9.274523e-06,0.008074401,-0.026385456,0.011308903,-0.027816765,-0.020733899,0.016199032,0.0036808006,-0.009314913,-0.01165053,-0.0042186533,-0.041810647,0.0015088911,-0.013647096,0.07694795,-0.01792749,-0.034684986,0.010738577,-0.015113618
SEC23A,-0.009139323,-0.0072634914,-0.015331575,-0.027448287,0.019586656,-0.019609652,-0.0044252775,2.1607691e-07,-0.010550429,0.016520746,-4.618624e-06,0.016293678,0.020240257,-0.05377126,-0.008575492,-0.0022587995,0.0065772813,0.013585328,-0.0025080615,-0.013140652
SEC61G,0.047028627,-1.0284588e-06,0.001948535,0.007486051,-0.021665514,-0.06556219,0.011498036,-0.015021995,-0.025540657,-0.046174165,-0.037817925,0.015606858,0.00352113,-0.052922353,-1.2834529e-06,0.00010669707,0.026340723,-0.0012001095,0.010155316,-0.0037947115
SELENOP,-9.164625e-07,0.048584554,0.007329455,0.009254879,-0.0039046037,-0.013233162,0.004971878,0.039644726,-7.8328657e-07,-0.026140727,-0.0014233185,0.06285267,0.011006727,-0.0025913068,0.0010508163,-0.047723964,-0.008834429,0.0017112471,0.010454395,-0.033158757
SELL,-0.03605819,-0.019452162,0.0076495823,-2.1872959e-06,-0.0074276454,0.008121875,0.022919795,-0.020847403,0.023803622,0.0182831,-0.01896161,0.0077552237,-1.6474634e-05,-0.013455115,-0.0008703748,-0.012648749,0.008268344,-0.023248881,0.013969206,-0.023904417
SELPLG,-0.02084541,0.0060377037,0.02204825,-0.013132643,-0.0009796864,0.011044859,0.03463144,0.014621957,0.049997017,0.048638497,-0.009830924,0.012726299,0.020758629,-0.0099382335,-0.0015085377,-0.059504494,0.007717839,0.047267634,0.017109238,-0.042898536
SERPINA1,0.018945463,-0.018289687,-0.024126818,1.5115951e-06,-0.030663475,0.00011258203,-0.020350195,-0.026293237,-0.009614527,0.01031124,0.009408816,0.015425671,-0.038971025,-0.060256,-0.021621194,0.056350667,-0.017899241,0.058973633,0.015138793,0.014248503
SERPINA3,-0.025915086,0.030163143,0.0058723837,0.013875928,0.0073844776,-0.03053437,0.011372818,-0.018792566,-0.015281574,0.016808996,0.015179593,-0.010947407,-0.010219739,-0.0023685284,-0.0051556774,7.093564e-07,0.012081928,-0.0020030716,-0.029780513,0.0062846313
SERPINB5,0.018945344,-0.07321292,0.012966139,0.017844534,0.0077684317,0.050504167,0.019369865,0.00512524,2.3789653e-06,0.044000093,-0.020449512,-1.4995381e-06,-0.028160468,0.033469073,0.017085783,0.025465546,0.036774166,0.018353458,-0.013911827,-0.033526715
SERPINH1,0.003883238,-0.006094569,-0.003219914,-9.080747e-07,-0.0066474862,-0.0041166632,-0.025121108,-0.028624155,-0.06145929,0.0011337802,0.0013701378,0.017595522,0.0038502445,-0.014350125,0.047635302,-0.010565097,0.046945088,0.039399967,0.0321392,-0.016481739
SFN,0.029489107,-0.08501546,0.016805828,2.7919805e-06,-0.127753,-0.024372764,0.13570864,0.06680481,-0.05268725,0.06495051,0.004879541,-0.0013207671,0.014310103,-0.073277086,-0.012221964,-0.012484598,-0.056424752,0.05519177,0.04054823,-1.2032872e-06
SH3BGRL3,-0.020771015,-1.7744668e-06,-0.012910432,-0.00391428,0.019554608,-0.02289818,0.04879418,4.1302355e-05,-0.045931254,0.002195741,0.043893907,0.0032181505,0.09721051,-0.047866862,-0.017976211,-0.015627457,0.019308478,-0.01112274,0.04383855,0.018637536
SIGIRR,0.018744463,-0.0046986775,-0.016744284,0.003066312,0.0012829935,0.008987152,-0.02873293,-0.00940216,-0.031555954,-0.036817517,-0.014578806,0.020567311,3.164348e-06,0.024845628,-0.045213696,0.0018915482,-0.010934412,-0.019622905,0.011865878,-0.01169323
SLA,-0.0041853087,0.008457406,-0.009740538,0.008709861,-0.01496668,3.435298e-06,-0.005661699,-0.015903508,-0.008396959,0.004525958,-0.0031930776,-0.0027887628,0.0014840489,-0.0030699796,0.020177046,0.01701122,-0.0036932828,0.0024956863,-0.050498635,0.008085444
SLC2A1,0.0721598,0.0014011813,-0.008652413,0.002182097,-1.0484944e-05,0.09976231,-0.07543143,0.047409117,-7.795611e-07,0.09113417,0.0094298385,-0.1050375,-0.010154649,-0.093220346,-0.10314812,0.008700468,-0.014473168,-0.052413795,-0.083021924,-0.026760284
SLC40A1,-0.038025215,0.008297673,0.02669074,-0.02848831,-0.014805172,0.0017877012,0.041862734,0.010509098,-4.477633e-05,0.002371438,0.01319542,-0.005891678,0.04164467,-0.007015109,0.019591365,-0.028704572,-0.009306097,-1.5386383e-06,-0.023319615,-0.01546674
SLCO2B1,-0.0107995905,0.02324065,0.014968915,-0.026335828,-0.00193774,-0.0059870877,0.0012864284,-0.03445302,-2.3135362e-06,-0.008849166,0.013815094,0.00017064186,0.0018732647,-0.017078472,0.014860749,1.8348034e-06,-0.041925788,0.033219036,-0.0086311335,0.0023012215
SLPI,-0.084235035,-0.12881045,-0.028217359,0.03234624,-0.05061337,-0.04041809,-0.021152774,-0.041518886,0.010773307,0.01987967,0.07468924,0.14756033,0.003209341,-0.06161117,-0.08709652,-0.13295548,0.059596278,0.03871043,-0.02660291,0.026345786
SMAD2,9.40678e-07,-0.014665103,0.0047163414,0.020642912,0.009219169,2.4536512e-06,-0.008588866,-0.021021014,0.019630516,-0.020469207,0.020569364,-9.737591e-05,0.03515678,0.0047570104,-0.020991016,0.029011643,0.024729718,0.0027887425,-0.02669581,0.02500408
SMAD3,-0.0026333446,-0.032262105,0.011537358,3.6169313e-06,-0.0067167697,-0.014289796,-0.010076628,0.006076603,0.034742907,-0.005803028,-0.01919052,0.011145878,3.1294215e-07,0.014427491,0.026177661,-0.037211772,-0.020414766,0.025976246,0.0356923,0.042066358
SMAD4,-0.024337457,0.011641506,0.017501516,0.008939736,-0.005441435,0.017887453,-0.035199717,0.031885225,1.6322351e-06,-0.015727986,-0.01762584,-0.038716514,-6.7622514e-06,0.0031113264,-0.0044396375,0.0003883394,0.0044771866,0.010968676,-0.0050305733,0.0058993935
SMARCB1,-0.0012496981,0.0016885267,0.021920016,-0.03522145,2.0583368e-06,-0.037679434,0.010035879,2.2488763e-05,0.012844002,0.0009285519,-0.053410262,-0.0052924566,-0.010159242,0.011445866,-7.6515396e-05,-0.0025164604,0.02432302,-0.032292522,0.017600378,-0.013511877
SMO,-0.013458269,-0.00035293482,-0.002347638,-0.025521135,-0.006132725,-0.0029004589,0.025826534,-0.010877434,-0.0014415649,-0.01725967,-0.010484632,-0.017773481,-1.5712303e-06,-7.381048e-07,-0.009807249,-0.027348131,-0.010433452,-0.03919136,-0.029347617,0.050634347
SNAI1,0.016153174,0.053328544,0.0045978744,2.1869757e-06,-0.0012308579,-0.002174626,-0.021420972,0.022946062,-0.0067148106,-0.019421358,-1.0366059e-06,-0.0071027,0.0014338637,-0.0164387,-0.014408021,0.010551908,-0.05304583,-0.014539008,-0.0068396893,-0.023136683
SNAI2,0.014458926,-0.04663418,-0.02617225,-3.672813e-06,-0.0009586802,1.3313701e-06,-0.012744409,0.0007544437,-0.012877795,0.0041501555,0.0062157316,0.004771193,-0.034653597,-0.0097133955,0.027163012,0.053483535,0.04531073,0.02857208,-0.009202222,-0.02250756
SOD1,0.033248685,-0.034908686,5.467113e-06,-0.010191617,0.006164554,0.01013611,-0.0020242308,0.008980575,0.0048219953,-0.005418629,-4.2008152e-05,0.0054094726,0.009638823,-0.038838856,-0.0068051973,1.6969602e-06,-0.012716064,-0.012752836,0.06592955,0.0032535554
SOD2,0.0012470656,0.025094764,-0.11484671,-0.04319117,0.05607228,-0.038241442,-8.21963e-08,0.025958663,0.06150586,0.084866114,0.11886705,-0.06069529,-0.016572215,0.11099536,0.08226105,-0.0025918777,-0.0059707058,0.031123025,0.07042931,-0.0035574553
SORBS1,-0.0048277653,-0.013810877,-0.0032531426,-0.02058712,-0.015594907,-0.001903442,0.007363932,-0.00021177772,0.043317318,0.012057407,-0.024928628,0.015580788,0.02518878,0.0011377755,-0.00018700039,0.023196131,-0.040083863,0.021528466,0.0010180934,0.0143030025
SOSTDC1,-0.014538386,0.0054569514,-0.0038988136,-0.013846438,-0.041517466,0.04917721,-0.02472088,0.0047534965,0.0015637185,-4.6061746e-06,-0.024626873,-0.053201735,0.008487112,0.057587795,0.030744735,-0.0346081,-0.02943581,0.00040428934,-0.024876907,0.013472581
SOX2,0.00027786056,-0.0017747035,0.00899022,0.019786332,0.004619811,0.014861726,-0.040717945,-2.626452e-06,-0.023627805,0.010426337,-0.009383118,0.0071519567,-0.025456551,0.004309828,0.0088562155,-0.035163015,0.003605015,0.016295789,0.011158118,-0.0020891263
SOX4,-0.03943598,0.0073478553,0.0036654656,0.010782208,-0.020794492,0.009679612,-0.029914726,0.018229084,0.009903025,-0.024858557,-0.003570323,0.0008357149,-0.015776936,-0.008692724,-0.017104795,-0.017061424,0.046662495,-0.016935354,-0.020136079,-0.0086514065
SOX9,-0.042767588,-0.0077640107,0.025488565,0.019410677,-0.0018127179,-0.013182518,0.04220781,-0.0022348722,0.023855058,0.0025887503,-0.002569258,-0.021090275,0.0025007518,0.007849652,-0.00076570536,-0.013982909,-0.0043988344,0.006999809,-2.6003845e-06,0.009445273
SPARCL1,-0.028638802,-0.014257284,1.5106742e-06,-0.007710138,-0.012802002,-0.018321585,-0.011724607,0.017327305,0.012487337,-0.051360853,0.024774572,-0.050454084,0.03311295,0.008398131,0.03533213,-0.032947242,0.08697054,-0.046187896,-0.03955788,-0.047758788
SPINK1,-0.00976468,0.0383036,-0.0014083777,-0.003933527,-0.011945309,-0.010006837,0.0020816696,-0.015479202,-0.020156462,-0.02546344,-0.009282905,0.0076677725,0.0008137483,-0.011080186,-0.005534331,-0.00050642714,0.0016488946,0.0064606504,-0.035540093,-0.0032883207
SPOCK2,0.011784135,0.007376811,-0.0033575557,0.0055986485,0.004301231,0.01319492,0.0106708985,0.0031945654,0.0125152785,0.012320307,-0.044820886,-3.5960973e-06,0.051165637,0.014722355,0.03571099,-0.040747438,-0.010238494,-0.015745817,0.022471905,0.024600955
SPP1,0.033822186,-0.004191889,0.0013065743,0.028688224,-0.00033543998,-0.00043346317,-0.03901006,-0.0010230888,0.0073577864,0.033946842,0.061501335,-3.6324217e-08,-0.01647326,-0.037647143,-0.054393608,-0.00033913314,-0.003114299,0.02318692,0.049449954,0.072439976
SPRY2,-0.0033374939,-0.010640037,-0.030358348,-0.03476011,0.0165558,-1.9986849e-06,0.01869484,-0.011467076,0.027389988,0.025438098,0.0016526162,0.014725516,-0.021582898,0.0051697716,-0.010791626,6.3176376e-05,0.016033156,0.014586319,0.020687629,-0.030690877
SPRY4,-0.009111032,0.017795173,0.02288057,0.013746265,-0.049591843,0.0016007138,-0.018379388,-0.013619719,0.014735773,-0.03228158,0.018326906,-0.014726837,-0.0034943148,-1.5283659e-06,-0.008089092,-0.00040882957,-0.02102131,-0.01939408,-0.0008612889,-0.014303245
SQLE,0.0065238005,0.014672504,0.0087329615,-0.018139256,-0.011821434,-0.014150162,-0.04728782,0.010029985,-6.400283e-05,-0.015501836,-0.0015805851,-0.015438026,-0.037706062,0.032527063,0.0116885975,-0.01164394,-5.2269693e-06,0.00656737,-0.019742459,0.030769687
SQSTM1,0.029666018,0.04791757,-0.02693566,0.04421269,0.05090165,0.006086982,-0.038151,-0.04880736,-0.014740719,0.039921068,0.071645185,0.014254373,0.0076991944,-0.042368002,4.9487448e-05,-0.03573566,-0.000101320096,-0.013512859,0.044508077,0.06468909
SRC,-0.0007735912,0.002516933,0.011453917,-0.0068933573,-0.014045234,0.014046279,-0.022250319,0.0023540684,0.024271738,0.02321179,0.0012697619,-0.02566531,0.033136707,0.018483989,-0.0018397775,0.02545053,-0.036102787,0.042248804,-0.007887284,0.02744453
SREBF1,-0.005064672,0.008910348,-0.020652138,0.025661305,-0.019387294,-0.011164969,-0.0039859014,0.015438121,-0.023160817,0.010397252,-2.2650725e-06,0.001557717,0.03294904,-0.01285047,0.005204651,-0.03203952,-0.019701354,-0.036021534,-0.013568729,-0.016358899
SRGN,0.057845347,-0.030950388,-0.02344068,-0.00020137837,0.010274947,0.015005482,0.0005203825,0.01687207,0.013221203,-0.028773936,0.02859108,-0.012740213,-0.0004155066,0.034759473,-0.010777753,-0.008672099,0.018935751,0.013763539,0.004934868,0.04777541
SRSF2,-0.004082995,-0.004709143,-0.008314654,-1.4678212e-06,-0.0732045,0.015023861,0.016418774,-0.031485904,-0.04494584,-0.0341244,0.012185979,-0.022208981,-0.0035264015,-0.017221924,0.031512793,0.004240363,-0.053442508,-0.0021110463,0.053733982,0.019139118
SST,0.020945374,0.0012894367,-0.0098679485,0.003998068,-0.020540869,0.0069766883,-0.018224774,-0.0024280031,-0.03112423,5.1226287e-08,-0.027169839,0.019807778,0.01386829,0.009115179,-0.008580931,-0.0020167385,-0.0054576686,0.013416542,0.04504748,-0.0015498614
ST6GAL1,0.00072117493,-0.0011668394,-0.029285077,0.000629713,0.009845908,0.005164851,-2.1310498e-06,0.012127764,0.0038957153,-0.03356062,2.3703162e-06,0.008886758,0.008765527,0.007301393,0.0047251433,-0.01214245,0.0075073186,-0.008090358,-0.028629277,-0.037675012
ST6GALNAC3,-0.034035005,0.01751371,0.013047865,-2.4587869e-06,-0.045643955,0.04822921,-0.030809302,0.0054207942,0.018049814,0.012294053,0.033270948,-0.015830899,-9.400139e-06,0.030418456,0.006806443,-0.018622756,-0.0004549567,-0.014188427,0.021577328,-0.0023986842
STAT1,0.0013218108,0.019277377,-0.0010967038,0.024261141,-9.0133733e-07,0.030099852,0.021831982,0.013577584,-0.027609635,0.021810181,0.03297057,-0.015443225,0.015209698,0.063591346,0.057967834,0.07774262,-0.0354744,0.0088136615,0.068951644,-0.059919685
STAT3,0.00026407253,-0.014353666,-0.010188373,-0.013598074,0.012259225,-0.03487291,-0.0369346,0.002944087,-0.037376978,1.4208309e-06,-0.033736113,0.011530158,0.018646937,0.041091498,0.0265992,0.0046884706,0.041045092,-0.028137965,-0.0053888033,-0.003436753
STAT4,-0.0021835794,0.0060441354,-0.00061086746,0.021441016,0.01347159,-0.014582597,7.432595e-07,0.028245876,0.021003507,-0.00031175851,-0.025922058,0.018249093,-0.019558989,0.0005767947,0.004701248,0.021148093,0.008393068,0.008691947,0.035733446,0.029544678
STAT5A,0.019387372,-0.00016470614,-0.0292807,-0.006868975,0.0062094657,0.016139267,-5.3462522e-06,-0.024177978,0.01260298,0.005617988,0.009332428,0.044450343,0.0034376713,2.2594854e-06,-0.030155297,0.059980746,-0.013670883,-0.015015456,-0.0013082495,0.049288943
STAT5B,-0.014738155,1.1139114e-06,0.028207242,-2.2110455e-06,0.019028153,9.200796e-05,-0.06202503,0.021267416,0.04086531,0.005823766,0.024517227,0.00038749928,0.02412284,-0.014880072,0.0007533626,4.1519645e-05,0.025578262,-0.020946903,0.047801185,0.008678173
STAT6,0.024962706,-0.06466922,-0.008804685,-0.002434808,0.005101321,0.018156981,0.004357613,0.0036905603,0.01837743,0.007911796,2.1941025e-05,0.01725384,-0.024430845,0.005663694,-0.039336305,-0.0058370605,0.028531116,-0.0014733599,0.010690513,-0.00746628
STMN1,-0.015453114,-0.02649608,0.027431227,-0.016492104,0.020198984,-0.048077963,0.037704863,-0.043710966,0.019315569,-0.047241926,-0.016952127,-0.03817084,0.013612918,-0.03762914,0.020206867,0.00065431464,1.12230175e-07,-0.068488315,0.040660277,4.1723893e-06
SYK,-0.007395389,0.015203366,0.032007832,-0.004407246,-0.010150522,-7.19005e-07,-0.00030698293,0.003579632,0.043167736,2.0583653e-07,-0.01032838,4.8571063e-05,0.014374612,0.008874302,0.018962184,0.017496128,-0.01714474,0.031585246,-0.05218455,-0.02121591
TACSTD2,-0.03622504,-0.030191898,-0.036017578,0.014488437,-0.030797299,-0.012187492,0.0009878123,0.007640339,0.0045313938,0.019891262,-0.00018981157,0.08010386,-0.010661447,-0.034457814,-0.03251497,-0.028097386,0.011032571,0.016585153,-0.015793797,-0.04177902
TAGLN,-0.12316609,0.0016816383,-0.045882862,-0.03342714,-0.1468783,0.0710613,-9.839339e-06,0.009264312,-0.020509018,0.016306635,-0.11431018,-0.00649417,0.022296097,-0.015013873,-0.0313369,0.15096973,0.009536698,0.030540252,-0.0010902871,0.09158877
TAP1,-0.045276888,0.0063593183,-0.013896648,0.088085964,0.023780083,-0.0149332015,0.063543566,0.0209102,-0.022550711,0.031380326,-0.0087979855,-0.022384204,0.04332134,0.022763493,0.022589168,0.025278298,-0.060458936,-0.004464138,-0.0007073814,-0.027428051
TAP2,-0.0040811296,-0.026193999,0.03273863,0.015140689,-0.0007911714,0.009762403,-0.024474567,-0.0072116354,0.013202582,-0.027666975,-1.5528715e-06,0.0048426604,0.0019485445,0.019592052,0.04880085,-0.0113341315,0.0013319198,0.0020427902,-0.0129280705,-0.028429236
TBX21,0.02194116,0.021174757,-0.013513803,-0.0016762668,0.013834252,-0.026784308,-0.05765327,-0.008274222,0.01757152,-0.029131478,0.024773238,-0.0071198824,0.0085032005,-0.041019216,4.290975e-05,0.005367746,-0.008978428,0.015373115,0.018106323,2.001443e-05
TCAP,0.002716149,-0.0065595335,-0.017988669,-0.008760546,-0.036307186,0.0058090626,-5.244089e-07,-0.0021983152,0.0054610046,0.017589347,0.0035158207,1.9447425e-06,0.00096045947,-0.0064241206,0.0004472661,-0.008855768,0.016728152,0.0005155202,0.005945833,-0.021270499
TCF7,-0.03147965,0.001041386,-0.020973314,-0.014163972,-0.023205372,0.00084591313,-0.003181032,0.019557955,-0.00095086894,-0.014566787,-0.026169393,0.0036760794,0.041279852,0.027766574,-0.03557495,-0.027800981,-0.051729627,-0.033571213,-5.222563e-05,0.016440045
TCL1A,0.034622204,-0.040373765,-1.543959e-05,-0.007871863,0.027725402,-0.023648763,-0.00048295938,-0.037848502,0.05392354,-0.0081764795,0.00924433,0.004194747,0.013394765,-0.026182903,0.01030472,-0.037900135,-0.009536535,0.0031695475,-0.024722563,-0.03394646
TEK,-0.022512713,0.05161635,0.012798582,7.858106e-06,0.018340472,-0.017510986,0.012913091,-0.012077117,-0.002204879,0.029609729,0.0065545635,-0.0006796681,-0.004936122,-0.02070451,-0.019095242,-0.009916151,0.006881405,0.007515752,-1.7286224e-06,-0.010109151
TFEB,0.015669042,-0.00027467718,0.0050873235,-1.5628199e-06,-0.004195603,-0.0035592127,-0.036858317,0.050532185,0.031193407,0.009268875,-0.02324714,-0.0163561,-0.0037316252,0.008716613,-0.015358006,0.00018321117,0.030487068,0.041188624,0.05965976,-0.012016529
TGFB1,-0.0011185909,0.016219411,0.009452813,-0.025976194,-0.040398836,0.027000781,-0.057298217,-0.002488867,-0.07105404,7.2491246e-05,0.06706943,-0.016828777,0.004716845,0.00038480732,-0.021367978,-0.018641429,0.014309272,0.004784111,-3.5606267e-06,-0.014494518
TGFB2,0.003712299,-0.019282144,0.012415915,-0.055751786,0.020119762,0.024196196,0.00866499,-0.008290121,0.026945349,0.04778496,-0.04265659,0.012180281,-0.029195454,0.013989471,-0.010901681,0.023789389,0.014975339,0.011025424,-0.016671173,0.022192176
TGFB3,-0.026919138,0.025914418,0.027716018,-0.012821186,-0.010266457,-0.01327705,-0.011700235,-0.031494193,-0.013598166,2.3317275e-06,0.037974723,0.011150995,-6.7083245e-05,-0.0034470435,-0.012018339,0.023523048,0.06510707,-0.010767232,4.4659764e-06,-0.014938431
TGFBI,-0.007814626,0.051729053,0.052450556,0.034241833,0.025241539,0.038017146,-0.000991402,-0.018252358,2.1260503e-05,-0.012154016,-0.015304658,0.018571174,-0.019392883,-0.043314632,0.0017881274,0.057113152,0.009392515,0.029584968,-0.029567154,0.0031429657
TGFBR1,-0.0051964913,1.3858697e-06,0.03133476,-0.0072301095,0.013023394,-0.017613994,0.058778808,-0.010422687,-0.008159847,0.014582828,-0.034782186,-0.014188381,0.01788802,0.01049056,0.009695454,1.8320093e-06,0.007306615,-0.017910702,-0.020572374,0.04401951
TGFBR2,-0.013068431,-0.008220146,-0.0069459355,2.3377102e-06,-0.009373022,0.01070023,-0.034638006,0.0002333966,0.0019849152,-0.037813995,-0.0033194737,-0.024640556,0.0060871923,-7.637173e-08,0.028455157,-0.029728614,0.036862314,-2.4700175e-06,-1.0794577e-06,-0.006365156
THBS1,-0.017069908,-0.04414095,-0.043730546,0.03384396,-0.025679838,-0.019068442,0.004183964,0.0019396954,0.053432684,-0.10219985,-0.06481435,-0.015712095,0.008367116,0.0005572857,0.07460442,0.08850116,0.005212927,0.13998194,0.032689285,0.057440247
THBS2,-0.008566568,0.012327763,0.037017103,0.007344655,-4.599405e-05,0.020330545,-0.008872945,-0.056956645,-0.0009794873,0.03409855,6.9898715e-06,0.026910646,0.0060101915,0.012252157,0.042875044,0.035129573,-0.058977738,0.023477212,-0.055647235,0.049700074
THSD4,0.023151154,-0.00085654756,0.013509241,-0.01932534,-0.002643118,-0.014524047,-0.038370024,0.04684245,-0.057135344,-0.051567957,0.016455766,-0.011977203,0.014287466,0.039974835,-0.010786436,-0.027099058,-0.02554968,-0.02836419,-0.00017785578,0.098392576
TIE1,-0.00058932544,0.01764375,-0.0027511555,-0.028135924,0.011440036,-0.011023761,0.035528157,8.498528e-05,3.199274e-07,-1.0726377e-06,0.0030977956,5.906876e-06,0.00014047633,-0.0021118869,-0.02432813,0.0017696688,-0.00959611,4.341391e-06,-0.009146486,-0.009829615
TIGIT,1.2573419e-08,-0.0056438316,0.004761635,-0.0024470666,0.017775226,3.629951e-06,0.0065350784,-0.026499474,0.012213055,0.04087473,-0.010033447,0.010012212,-0.005997225,0.008663519,0.024039147,-0.020688558,0.02967938,0.041897733,0.020245977,-0.02092292
TIMP1,-0.026281966,0.015590231,-0.019622317,-0.090295255,-0.04132016,0.041829664,0.040656034,0.029061982,-0.008975753,-0.026926627,0.04599031,-0.07914254,-0.00072182715,-0.007266728,-0.004048952,-0.009614159,0.033318866,-0.02672483,0.0012558823,0.021861795
TLR1,-0.032503434,-0.00959838,0.025272818,-0.0029230206,-0.0025112038,-0.0015355856,5.3780363e-06,0.022278784,2.2364182e-05,-0.025439102,0.008720878,-0.013318802,-0.008351075,0.018591337,0.01718581,0.028194737,0.010937672,-0.019360377,-0.027319308,0.017380472
TLR2,-0.030155681,-0.027238643,0.006836782,-0.038159527,-8.4149656e-07,0.003707808,0.027808394,-0.014956511,-0.0719885,0.014668859,-0.04100795,-0.011952016,-0.012926992,0.008057046,-0.03205259,-0.017151855,0.045013685,-0.017164486,-0.045411132,0.010628616
TLR3,-0.021007963,-0.018883964,0.016234979,0.051360827,0.027575243,-0.0135519,-0.0016015968,-0.015649678,0.02423088,-0.034356344,0.019317167,1.6816249e-06,0.00096354604,-0.00044858703,-0.015165878,0.008578823,0.0014095453,0.025502285,-0.0042195544,-2.3404496e-06
TLR4,-0.027116021,0.026481336,0.00045660685,-1.1390516e-06,-0.016705463,0.022988029,-0.0033205722,-0.05777088,-0.016926283,0.014254865,0.015156967,-0.03511141,0.0006021086,-0.039262332,0.029445307,-0.031157322,-0.06585605,-1.7966304e-06,0.004210253,0.0068119774
TLR5,-0.0034231811,0.03254702,0.0035286816,0.014752522,-0.021840256,0.005535587,-0.0023145399,0.022846526,0.020263987,-0.022897936,-0.00013365045,-0.03314206,1.3225531e-06,0.003981298,0.0075035356,-0.011178322,-0.017361509,-1.8641554e-06,-0.0216988,2.9218365e-06
TLR7,0.024087574,-2.9710512e-07,0.0031231036,1.5451241e-06,0.01233116,-0.0027548622,0.040271576,-0.0005160275,-0.0044937744,-0.008152673,-0.008379437,0.012808935,0.01599362,-0.02545813,-0.0036534427,-0.06539069,0.042240325,-0.027687198,-0.008858696,-0.04923207
TLR8,0.0011094537,0.026088443,-0.008282427,-0.0017062547,-0.00401187,0.009735343,0.03136792,-0.0008366172,-0.012873437,-0.006906949,1.96699e-05,0.002657846,-0.035692893,0.018544203,-0.017876588,-0.046679527,-0.024310341,0.0031186398,0.00026870228,0.027398616
TM4SF1,-0.024111966,0.0069047,-0.03796706,0.058058582,-0.04727084,0.0119795585,-0.015098255,-0.022165718,0.00051833363,-1.1539885e-06,0.0024293982,-0.013211988,0.021253077,-0.037827145,0.0034739103,-0.01236641,-0.016861053,7.3653e-05,-0.032200575,0.070252925
TNF,0.022184204,0.0030226156,0.008189943,-0.002927495,0.00706584,-0.0042849625,-0.00053075294,0.001286507,0.09111096,-0.023506913,0.0019690427,0.035077948,-0.01438573,-0.017227786,-0.027704561,0.017648866,-0.0078086406,-0.04903879,0.014422486,0.018915787
TNFAIP6,0.009828384,-0.05023448,0.0055980994,0.011246528,0.021934994,0.0009180183,0.006522035,0.017581,0.008868742,-0.04437697,2.1048781e-07,-0.02015307,0.02631177,0.02134806,0.0054887133,-0.018913962,0.011907995,-0.024099186,-0.036675546,0.0035622874
TNFRSF10A,0.005392517,8.7559863e-07,0.009161015,-0.013103037,0.005157421,-0.020300832,-0.030566359,-0.026411964,-0.011511185,-0.034267176,0.044720743,0.04616775,0.011709052,-0.00062768714,-0.016178697,-0.0144415535,-0.01793765,-2.7990272e-06,0.0044590337,0.009905127
TNFRSF10B,0.0050180615,0.0034077382,-0.05040727,-0.0008580244,-0.014466834,-0.013201523,9.539079e-06,-0.006044612,-0.023559714,-0.014222068,1.3923629e-05,-0.009253322,-0.035251122,0.0055611967,0.012580544,0.022995684,-0.0041863495,0.038721915,-6.2532167e-06,0.008864459
TNFRSF10D,-0.0019780586,-2.617133e-07,0.00534314,-0.030470612,-0.0013726397,4.8412927e-05,0.026151752,-0.008240587,0.0043152524,-0.021260075,0.030863922,-0.014953594,0.021169575,-0.014405961,-0.059016686,0.0005188703,-0.03325499,2.9804134e-08,1.5647013e-06,0.002565521
TNFRSF11A,0.009536919,-0.020406391,-0.00021831943,0.05010747,0.0035349058,-0.0077423616,-0.012806478,-0.0053720893,1.9372605e-07,-0.042973936,-0.00015516025,-0.0057451646,0.066738956,0.0019585623,0.017961564,-0.033478964,-1.0938018e-05,0.002303198,-0.0126945535,-0.011915968
TNFRSF11B,0.013002859,0.055729173,-0.028705342,-0.04247521,-0.00885537,-0.011341559,0.008828085,0.02795836,-0.001250164,0.017927267,0.06284529,0.0011784451,-0.047045026,-0.000107306005,-0.033498257,-0.00025984726,-0.0045281216,1.4319023e-05,0.0065187495,-0.038777348
TNFRSF12A,-0.0007236831,0.033101063,-0.00057553797,-0.0076300395,3.2404835e-06,-0.00977109,0.057533585,-0.014507255,0.02351407,-0.004749813,0.00072990195,-0.014802179,-0.0061888685,0.001181288,-0.005671877,0.065245844,-0.0069626244,0.043223802,0.023716632,0.05733803
TNFRSF13B,-0.0011752755,0.012818484,0.0037194921,-0.011222181,1.9801946e-05,-0.0010446762,-0.05643983,-0.010039089,-0.0019077695,-0.046074606,0.022262627,1.4986067e-06,0.016182166,-0.012097775,-0.0029376484,-0.00012229383,0.0072991936,0.053860813,-0.011202067,-0.01286654
TNFRSF14,6.10975e-07,-0.014242853,-0.00956664,-0.04201829,0.01148229,-0.003287047,-0.02217687,0.0024961508,-0.031530544,-0.004819059,0.020087752,-0.0037212798,0.003495547,0.0006709797,-0.008091882,0.029867617,0.038502492,-0.0316768,-0.0061678793,-0.039504264
TNFRSF17,0.041294497,0.025551092,0.0074793226,-0.027056,0.015810048,-1.2917642e-05,-0.014630315,0.011379796,0.0007327334,0.0020179925,-0.008215247,3.4647712e-07,-0.038984977,0.0032707772,0.04066155,0.023047436,-4.9819023e-06,-0.014429487,-0.007204761,-0.017290246
TNFRSF18,-0.0034189099,-2.8276213e-06,0.0068864943,0.048112668,0.0016115502,0.013290892,0.0008050296,-0.03526526,0.03724207,0.0045882054,-0.001896728,-0.03148314,0.012786823,-0.02077171,0.04949535,-0.012787419,-0.0036090561,0.0193621,-0.06377086,-0.04242163
TNFRSF19,0.022289682,-0.024066595,-0.0057529244,0.018147111,0.0058243987,-0.010741411,-0.013113901,0.0047532986,-0.032417387,-0.028233137,-0.015727326,-0.0022285185,-0.03366431,0.0025881429,-0.010386642,0.02974183,-0.0027193716,-0.0024545146,0.000115031624,0.022891209
TNFRSF1A,0.010930795,-0.026980447,0.009942419,-0.03042515,0.011392559,-0.008346317,0.003662848,-0.0031609314,-0.0072365054,1.1083506e-06,0.0031569093,0.0037168616,-0.0010364848,0.023538856,-0.019140871,0.03181843,-0.019726202,-0.016121175,0.020122474,0.006206127
TNFRSF1B,0.021723036,-0.031610828,-0.031004371,-0.041341342,0.0038124486,0.018088842,-0.01109603,0.011504762,0.020956308,-0.0066100215,-0.0133568235,0.011305829,-0.015456101,-0.027582021,-0.052344423,0.065469585,0.00039209405,0.000102675236,0.038670097,0.016504413
TNFRSF21,0.026719555,0.038246386,0.0044165407,0.026102642,-0.031236043,0.0025056533,-0.023803625,0.0063689128,-0.0021725323,-0.007209189,-0.0032144664,-0.0127471145,-0.015639368,-0.010234362,0.0035654923,0.0349213,-0.014160263,-0.01323411,-3.2891326e-06,-0.011790407
TNFRSF4,0.038784914,0.012783004,-0.014461066,-0.01564481,0.009056699,-0.020263964,-0.017964037,0.006564627,-0.030387271,0.006816226,0.002741463,-0.0057224515,-0.011391864,0.013065762,0.0154787805,0.011960401,2.393623e-07,0.021450425,-0.0039341343,-0.015524321
TNFRSF9,-0.013648369,-0.02321639,-0.0137548465,0.0135799525,-0.007987727,0.0017860224,2.866858e-06,0.017164666,-0.010147769,0.0002589475,0.03860771,-0.01646628,0.035005618,-0.0014694647,-0.012135424,0.011328085,-0.018754944,-0.022428265,0.016147582,0.013436207
TNFSF10,-4.4817252e-06,-0.011561229,-0.003954078,0.026472103,-0.003083937,0.007266751,0.046874315,0.044093695,-0.04021685,0.031921826,-0.0062490036,0.007080215,0.022386607,0.09247236,-0.014443411,0.018966986,-0.038515177,-0.0052898456,-0.00048666866,-0.068909094
TNFSF12,0.007588894,-0.021097923,6.612692e-08,-0.004254617,-0.0018872546,-2.9169996e-06,-0.051274985,0.016920228,-0.005819537,-0.010763678,-0.035379954,-5.2958844e-06,-0.00010132619,0.007203117,0.011885808,-0.029750224,0.01849421,0.017412819,0.0054007736,-0.00012351575
TNFSF13B,-0.012595234,0.038643572,0.00121678,0.048988298,0.02026726,0.016401248,0.013418867,0.014368798,-0.030826237,0.031970438,-0.04566944,-0.019556936,-0.028903412,0.042174883,0.018519472,-0.0142563,0.03177535,0.011092895,0.011617576,-0.014202182
TNFSF14,0.00091312354,-0.048805427,0.009274062,-0.032134786,0.048455536,0.0016337228,0.052621476,0.023613458,0.022963205,0.025083229,-0.0076222536,-0.009344504,-0.0061834794,0.039178316,-0.03273915,0.013637838,0.009835983,1.6152443e-06,0.016322449,0.051646564
TNFSF15,0.0143973995,0.028317861,0.00014352708,2.2734464e-06,0.028637482,-0.016048789,0.058859125,0.002099841,-9.000764e-05,0.009950788,-0.056123033,3.3162146e-06,-0.014770225,0.036122207,-0.025562754,0.009566581,-0.024802996,-0.0036681269,0.01772801,0.018508
TNFSF4,0.0044784206,0.0015419347,-0.0051915604,0.015484959,0.01916966,-0.006337748,-0.019279584,0.004068999,1.3057881e-06,0.017815271,-0.022928745,0.04928838,-0.008246524,-0.031398635,-0.020931313,0.049811248,-0.0090708295,0.043039016,0.030092647,-0.0013692821
TNFSF8,0.0152751645,-0.02109379,-0.0029129002,-0.033427443,0.008961118,0.0091619855,0.014157484,0.03052628,0.036168516,-0.012403576,-0.024328316,0.0068706856,-0.002408209,-0.018530898,0.00027235303,-0.006298635,0.00048339678,-0.009831407,-0.033708375,0.0025563575
TNFSF9,0.021028416,0.001524161,-0.019178834,-0.015454541,-0.02111619,-0.0049223504,-0.018854719,-2.8406662e-08,0.01838467,0.01787972,-0.013648168,0.011583135,7.860809e-07,0.0014136435,2.2488366e-06,0.019256454,0.0018913482,0.021598432,0.036816955,0.0020378274
TNNC1,0.0026413538,5.0212166e-06,0.00018604391,0.010754519,-2.9664267e-07,0.0018660891,0.0064539984,-0.0054478,0.03264759,-0.030316448,0.0073775044,0.007210759,0.020606803,-0.03205266,-0.02007872,-2.924509e-07,-0.00896622,0.0007437789,-0.018490616,0.015145481
TNNT2,0.0018865576,-0.05762944,-0.000100213954,0.035291523,-0.007960219,0.004567697,-0.021525096,0.007889963,0.04209737,-0.004418735,0.038375434,0.014252065,-1.1269642e-06,-0.0039097425,-0.0022175745,-0.03297005,0.009470389,-0.030006608,0.041635584,-0.02840362
TNXA/B,0.023883974,0.010928972,-0.0060741687,-3.9082603e-05,0.00084429997,0.010547993,-2.8272734e-06,0.010926445,-0.005442989,0.0068659596,-0.037791546,-0.007549286,-4.1259932e-07,0.0056178886,-0.005664387,-0.03737435,0.0048379274,-2.27338e-05,0.014444696,-0.028125178
TOP2A,1.8450328e-05,0.0047903843,0.0063703456,0.036036596,-0.011951859,0.009604321,-0.0032258774,-0.036601868,-0.044276807,0.00076982117,-0.019383198,-0.019515077,-0.0011782122,0.021816557,0.046672303,-0.041410517,-0.017072674,-0.013168356,0.008142803,-0.008482546
TOX,-3.2729306e-06,-0.018763421,0.010638052,-0.03704176,0.0006284367,1.2973757e-06,0.0319318,-0.008397071,0.012103421,0.04042685,-0.011012303,0.0036262623,-0.008850024,0.019563882,-0.01042489,-0.01446682,0.013326164,-0.0002634655,0.034845915,0.009701168
TP53,-0.015604437,0.0033746578,0.0011148822,0.01903895,-0.015991049,-0.0116615025,-0.020778863,-0.015949247,-0.026750734,0.0073495284,0.004405243,0.013602653,0.021780426,-0.0057387133,-0.008480133,1.881046e-05,-0.004041772,0.01262063,0.040748652,-0.00047258454
TPI1,0.03142032,-0.0056065223,-0.020094143,-0.006420967,0.036106177,-0.046330348,0.033871166,-0.035021104,-0.044628546,-0.007405481,0.004477901,-0.03367381,-0.015210218,-0.028117113,-2.2930776e-06,-0.00920618,-6.277439e-07,-0.002145297,0.034011982,0.04809444
TPM1,-0.08622533,-0.027404908,0.0042348695,0.01393795,-0.067943625,0.041416544,-0.0016602759,-0.051362764,0.006809845,0.03791732,-0.033216484,0.00197809,0.016446564,0.0026290698,0.02023148,0.1121793,0.0123550035,0.0008210983,0.018211387,0.02840963
TPM2,-0.052597404,0.013885115,-0.0120744975,0.03321592,-0.114605546,2.808264e-06,-3.793371e-06,-0.05811983,0.0013919813,-0.011994296,-0.066926725,1.2471314e-06,2.0974574e-06,-0.076376244,-0.00513337,0.08355235,-0.0016500672,0.029592885,0.018407738,0.005630349
TPSAB1/B2,0.06854951,0.005917975,-0.014216513,0.01540838,0.028002504,0.024809133,0.04750872,-0.044641796,0.031214297,-0.031092191,-0.017429214,-0.032717094,-0.03745117,-0.013563461,0.054402947,0.005214893,-0.02304322,-0.079716355,-0.047815498,0.015744265
TPT1,-0.009618486,-0.00851396,-0.054710653,-0.021321513,-0.04038375,0.012900358,-3.6734527e-06,-1.2685205e-06,-0.0231308,0.043657646,0.05039225,-0.021738201,-0.01878164,-0.09753776,-2.2129782e-06,0.10261563,0.02740725,-0.0139423,0.037046686,-0.05989492
TSC22D1,0.02386681,0.00010345033,-0.012219495,-0.014243799,-0.016012652,0.026864348,-0.002459971,0.00016822426,0.0071327295,-0.011839197,0.044361155,0.002542965,1.2920156e-05,0.009413406,-0.03398139,-0.0023825413,0.0030341651,0.0006460232,0.0023325197,-0.041578013
TSHZ2,0.00058921176,0.052758206,0.0049958145,-0.014714321,-0.009634168,0.00088966487,-8.076008e-05,-0.032156803,-0.0057419874,0.00091490103,0.0148491645,0.0135875475,-0.04378722,-0.009019386,-3.2840746e-06,-0.016602986,-0.015090818,-0.012616283,-0.03190552,-0.038943116
TTN,0.0002392307,-0.039735276,-0.00043079827,0.03433242,0.00916291,-0.0097929295,0.00011282828,-0.04204554,0.00084477785,0.003449824,-0.02114363,2.882187e-06,0.009426609,-0.014596649,-0.0014412598,-0.010885815,-0.010572593,0.008169024,0.0031357072,-0.008813526
TTR,0.00683061,-0.050921798,0.009900571,1.7565425e-06,0.0021895824,0.00033745365,0.0046844394,-0.03196472,0.022787545,-0.00010393721,-0.014978799,0.03594912,-0.018042749,-0.019035913,-0.0076025524,-0.013721352,-0.0016852465,-0.01696222,0.0009898216,-0.032735325
TUBB,-0.051125415,-0.023025632,0.035276156,-0.0104007125,-0.023675878,-0.013134303,0.02928164,-0.03325989,-0.0064617847,-0.037357904,-0.055069588,-0.023150014,-0.010899517,-0.002924905,0.016531695,-0.025326159,-0.011900824,-0.010549424,0.055118605,-1.0668464e-06
TUBB4B,0.0125207165,-0.055722363,-0.016415015,-0.015109802,-0.007768581,-0.06432435,0.025126958,-0.019621914,-0.053055592,-0.061828263,0.02496368,-0.008623841,0.0034726062,0.03180704,0.06382843,0.0143525135,-0.029489452,0.028312404,-0.020953514,0.040888447
TWIST1,0.0289983,-0.020606097,0.008655891,-0.038793497,0.010151662,-0.009690915,0.00022587241,0.016619556,-0.0027046264,0.0010525754,-0.0036876532,-0.013565423,-1.2722588e-06,0.03681549,-0.025356635,0.02876828,0.0032638966,-0.06811432,0.0044850414,0.026652863
TWIST2,0.03170628,0.0108102225,4.9350707e-05,0.008790007,-0.024661807,0.017188314,-0.0037982608,-0.01819455,0.031640455,-0.0030226964,0.042719614,0.004788352,0.0030833024,2.0722817e-07,-0.024196798,0.026839944,-0.038167182,0.017982498,-0.009411457,-0.007653298
TXK,-0.003881241,0.035433963,-1.1791083e-06,0.024925975,-0.019438816,0.016747167,-0.01392977,0.041900706,0.065145746,1.2401418e-06,1.9039368e-06,-0.015063015,-0.0050898353,-0.0067792092,-0.015759185,-0.041373167,0.009045801,0.0068069845,0.0044577597,-0.03378268
TYK2,-8.951994e-05,0.05945897,-0.001244396,0.015459941,-0.017294452,0.009947615,-0.0136882095,0.026410455,0.00032953382,-0.0029069856,-0.0057330173,-0.030443871,2.4941069e-06,-0.03862958,0.010549295,-0.011889998,-0.0025659832,-0.003890326,0.000519431,0.006706116
TYMS,-0.007163824,-0.0005529648,-0.011941194,-0.010656615,-0.0008745007,0.00015367707,0.025377672,-0.008309454,0.013378756,-0.0054825335,-0.043921735,-0.002100186,-0.02476987,0.029833272,0.007838206,-0.0123775145,-0.021906238,0.018449396,0.010145546,-0.024844296
TYROBP,0.019933965,-0.031804755,0.02644834,0.008443201,0.0023514968,0.0033408417,-0.05704873,-0.020624202,3.411348e-05,-0.0041354178,0.0514527,0.041705124,3.651923e-06,0.019390237,-0.006380249,0.029103303,0.039585665,0.031978007,0.05797058,0.037142683
UBA52,0.010362861,-0.054045305,-0.014734132,-0.07107157,-0.03980413,0.00382693,0.050703134,-0.030462056,-0.01183067,0.023738604,0.00024597737,0.0037288838,6.540491e-05,-0.01164237,0.012122636,0.037679087,-0.011441365,0.008928746,-0.0026197217,-0.036829043
UBE2C,0.015158511,-0.0065989164,0.016760906,-0.036299083,-0.0009673233,-0.018612936,0.025560604,-0.029126992,-0.03199216,-0.03119535,-0.028429514,-2.683364e-06,-0.007005712,0.018539831,0.02930102,-1.7786882e-06,0.013544744,0.015442598,-0.026313758,-0.036435254
UPK3A,-0.023608793,0.006106578,2.2445899e-07,1.7267389e-06,-0.02693635,0.018937634,-3.081453e-05,-0.0020300555,-0.011331741,0.00735705,1.5254545e-06,-0.002908356,0.0067114644,0.02581461,-0.014988114,0.021587774,-0.024478212,-1.6059305e-06,-0.016021807,0.010871432
VCAM1,0.014638796,0.012758025,-0.024051629,-0.009717147,0.0043001687,-0.010312248,0.011531917,4.817025e-06,0.046344113,-0.00017958609,0.0037894065,0.0010215851,7.707131e-08,0.0035654788,0.010708396,0.033039622,-0.032866787,-0.016947333,0.013637219,-0.0453603
VCAN,-0.041869424,0.004995142,0.009513181,0.007157327,-0.00015865214,-2.9221221e-06,0.03756451,0.015501565,0.008457165,-0.011993725,0.014977375,-0.04697755,0.026356347,0.014272324,0.015615154,0.04362552,-0.031595953,0.003006393,-0.008767246,0.003876168
VEGFA,-0.0011018692,-0.047761288,0.005523934,-0.020998573,0.045821074,0.01951376,0.054638244,-0.0007772249,0.005304535,0.03131395,-0.04548017,-0.04906329,0.013939631,0.014243314,-0.057170138,-0.035916544,0.0045389477,-0.021819083,-0.050375476,0.047624063
VEGFB,0.0031777797,-2.3424736e-05,-0.025745625,0.0006869152,0.029642152,-0.018785963,0.007996493,-0.009997129,-0.008361265,0.0024062495,-0.011264255,3.5867834e-06,0.0049744667,-0.036752254,-0.023953404,0.03984539,-0.030998798,-0.02092048,-9.158858e-07,-0.0066539715
VEGFC,-0.022600573,-4.014179e-06,-0.0014337071,-0.005341897,-0.017748348,0.009428392,0.014876369,-0.014002243,-0.04455701,-0.0025979048,0.0023988094,-0.000408076,0.03119852,-0.013524449,-0.022200726,-0.039692685,0.018211596,0.012485341,0.03377895,-0.022639172
VEGFD,-0.016444903,0.03717512,1.4268513e-06,3.289093e-06,0.022310179,-0.03104002,0.040512014,4.9096026e-05,0.003743691,0.008065773,-0.026693609,0.023840133,-0.015826296,0.014743912,-0.026285311,-0.000998376,-0.029302403,-0.011130516,-0.016620899,0.015248859
VHL,-0.0231807,0.028530778,0.007885884,-0.0070017404,-0.025375828,-0.0029872237,-0.014935486,-0.0021289387,-0.016884867,0.021500936,0.044841904,-0.00807059,0.0023196463,-0.02894869,-1.5488985e-06,-0.0019603998,-1.4631834e-05,-0.014612034,0.03601458,-0.018426606
VIM,-0.057469357,0.08949206,-0.04416476,0.040317863,-0.06359915,0.03808799,0.060044378,-0.007897854,-0.015492412,-0.045205634,-0.03549669,-0.028646829,0.06036302,2.4308562e-07,-0.015238654,0.010929293,0.25322902,0.07967664,0.18718219,0.074505754
VPREB3,6.384502e-07,0.038398456,1.2973916e-06,-0.0012289762,-0.03040954,0.03533117,0.0091429725,0.020449422,0.0047981124,-0.025722938,0.028428715,-0.0052009467,0.036283884,0.025365137,-0.024655309,-0.014587021,-0.016729495,0.014205992,-0.028115582,-0.016602417
VSIR,0.010592257,-0.03068352,0.015785238,-4.093694e-05,0.018742029,-0.0104643935,-0.011969136,0.029719373,0.023635425,0.004516982,-0.021498226,0.05091906,0.008537566,-0.024419291,-0.03237865,1.4862372e-06,-0.0012950804,0.060065653,0.007015568,-0.027683767
VTN,-2.0686766e-06,-0.0076832552,-0.008327856,-0.027863234,0.025609687,-0.019322768,0.064973794,-0.00557834,0.04015757,0.027501041,-0.009014918,-0.012054934,-0.0020020544,-0.0141913425,0.010434669,0.022515535,4.6615105e-06,-0.030105691,-0.016293354,-0.014329385
VWA1,-0.005858047,0.006424002,0.0012580265,-0.009298038,0.0048442646,-0.008519215,0.0072996463,-0.00992931,0.030531066,3.1015188e-07,-0.0013234151,0.0051264833,0.019236624,-0.0035195278,-0.009398287,0.008472162,-9.3891485e-06,-0.069227666,0.0072146384,0.02318584
VWF,-0.010679842,-0.031057458,0.017367851,-0.01886047,0.019398103,-0.023472501,-0.0076277247,0.035068113,0.08797172,1.5530878e-06,0.008380496,0.0017911331,4.8431524e-08,-0.017227508,-3.121035e-05,0.015333661,0.049124904,-0.011583979,0.027385209,-0.007464125
WIF1,0.023235241,-0.023607146,-0.011849622,-0.0042412733,0.01059782,-5.9792904e-07,-0.034031164,-0.00033604802,2.8127533e-06,0.0108068725,-0.0161894,0.012203334,-0.005209102,0.013319086,-0.04818851,5.4699494e-06,-0.030569546,0.015243456,0.029769024,-0.020936994
WNT10B,0.0077480124,-0.00020274537,-0.009283633,-0.015847921,2.2879205e-05,-0.0011589895,-1.12699745e-07,-0.013174719,0.00011743711,0.011990541,-0.00063128636,0.00096114946,7.362523e-07,0.019235693,-0.0045650257,-0.003953205,-0.008847907,0.008465737,0.022184609,-0.017626287
WNT11,0.01797894,-0.023931608,-1.1213635e-06,0.015645612,0.008026312,-0.026158119,0.00063598773,0.008629816,0.03690153,-6.668731e-07,-0.048646316,0.039168093,-0.014304047,-0.009504395,-4.999505e-05,0.016443266,-0.036359582,0.010747344,0.02541745,-0.024567148
WNT3,0.006570209,-0.04186561,0.020091312,0.016224701,-6.5009914e-07,-0.031916477,-0.051495787,-0.017409123,-0.009742649,-0.028467866,-0.024563499,0.021956772,-0.012653639,-0.021212019,0.018785696,0.017176965,0.011964609,0.007600646,0.01606214,-0.043230977
WNT5A,0.034900237,-0.014272808,0.06865915,-0.02805804,2.389906e-06,-0.013527046,-0.028570399,-0.015252487,-0.00309815,-0.0049720267,0.0029749612,0.0056980564,0.019733926,0.00066324376,0.020082809,0.0011534115,-0.0026843874,-0.017064692,0.03529389,0.0716731
WNT5B,0.007993645,0.0065418677,4.5508827e-07,-0.03520877,0.04198189,-0.035845473,-0.0032192352,-0.00084562396,0.021597452,0.025362287,-0.022231942,-0.00204628,-0.021822223,-0.041398726,-0.012503201,0.039176997,0.012858467,-0.029153986,-0.0020462961,0.026056912
WNT7A,-0.013289848,-0.0022872316,0.014726909,0.00441667,7.5278314e-07,0.009880537,0.017310373,-0.014906388,-0.00015460131,-6.7381193e-06,0.0105056595,-0.010975304,-0.0070333243,0.016639104,0.037853133,-0.01771312,0.017759997,0.034204867,-0.0025767789,-0.032513537
WNT7B,0.018790038,-4.2246675e-06,-0.005851849,-0.027117992,-0.012790476,-0.0368476,0.014850348,-0.028623465,0.0002295989,-0.0045240233,-0.009554048,0.00096321665,-0.030337648,2.971978e-06,0.016270474,-0.0054276884,0.0068665906,-0.0012802662,0.00097069226,-0.026975079
WNT9A,-0.0049194144,-0.0022338189,-0.0035851605,0.0070017143,0.024578989,0.0036546662,0.012336196,-0.003278548,3.2123132e-06,-0.022633286,0.0012270395,0.014656456,-0.03887445,0.011409019,-0.040685352,0.015241122,-0.019522533,0.0070895185,0.014632852,0.007908479
XBP1,-0.018360447,-0.00081957335,-0.044226356,0.04245603,0.053394817,-0.0064861965,0.020333573,0.0042557293,-0.04000608,-0.044323098,0.021838166,0.06434083,0.0072220503,-0.046965145,0.024447475,0.0074082217,-0.0243748,-0.005719565,0.025193546,0.01221586
XCL1/2,-0.017726794,0.02006444,0.011958284,0.021234818,-0.017009664,0.03253743,-0.009085536,0.0003821446,-0.004511334,0.010356248,-0.014540178,-0.005834078,-0.013976186,0.004213483,0.02119737,-0.034496356,-0.06513349,-0.027163591,0.047899444,0.045181416
XKR4,-0.03469495,-0.015072322,-0.012135445,-0.0072829393,-0.007281079,0.0009502564,0.062784724,0.0026917376,0.019477433,0.02806169,-0.007556314,-0.0058174743,-0.0027552543,-0.009423751,-0.023833897,-0.021170016,0.0018994403,-0.007554348,-0.028918635,-0.0005099318
YBX3,0.015772488,-0.030888982,0.0014817828,-0.03382679,-0.012082001,-0.02111391,0.013698742,0.016759617,0.024238804,0.008361937,-0.02195887,-0.034108467,-0.05144915,-0.004477723,-0.0028018,0.029512787,-0.0007650936,-0.031540558,0.044195764,0.006330562
YES1,2.045276e-05,-0.0003235929,-0.015326432,-0.0066801975,-5.0452536e-06,-0.034252945,-0.016270919,0.000336415,-0.010108452,0.00040589194,0.0038128768,0.011648082,-0.022272002,-0.009554563,0.012090629,0.057901263,-0.005830505,-0.0019144582,0.0017035443,-0.006978642
ZBTB16,0.022160431,-0.03590313,-0.018272866,-0.03314201,0.023153342,-0.01563445,2.4225788e-05,-0.0072334637,0.017016489,-0.03215499,-0.010776446,0.037891045,-0.048165973,0.024144098,-0.0054290066,0.010889759,0.024476547,0.01335674,-0.02500364,-0.049826328
ZFP36,0.027735883,0.009968343,-0.05489825,-0.0072848042,-0.011276621,0.00063679816,0.01644849,0.013961318,-0.029830271,-0.017203456,-0.01027002,-0.0074320147,-0.0033424695,0.01826821,-0.001877101,0.00042420003,-0.004241739,0.0370615,-0.050111454,-0.027382627
